ID,watershed,subcomp,plot,subplot,depth,horizon,fine_root_gm2,soil_C_gm2,soil_N_gm2,soil_CN,LF_C_gcm3,LF_N_gcm3,hPOM_C_gcm3,hPOM_N_gcm3,MAOM_C_gcm3,MAOM_N_gcm3,LF_C_gm2,LF_N_gm2,hPOM_C_gm2,hPOM_N_gm2,MAOM_C_gm2,MAOM_N_gm2,total_POC_gm2,MAOC.hPOC,MAOC.tot_POC
37,WS2,WS2a,7,7A,0 to 20,Mineral,565.6799549,9611.877144,467.8347282,20.54545455,0.013843685,0.000268762,0.002012216,0.000490155,0.018410536,0.001096798,2768.737064,53.75239623,402.4432533,98.03104889,3682.10711,219.3595725,3171.180317,9.14938213,1.161115655
38,WS2,WS2a,7,7A,20 to 40,Mineral,478.1337244,2182.393894,215.8411543,10.11111111,0.00477456,8.08E-05,0.000790319,9.88E-05,0.005342527,0.000417385,954.911983,16.16583278,158.0637646,19.75797057,1068.505357,83.47698099,1112.975748,6.759963991,0.960043702
39,WS2,WS2a,7,7B,0 to 20,Mineral,233.6693352,4848.469002,233.9173641,20.72727273,,,,,,,,,,,,,,,
40,WS2,WS2a,7,7B,20 to 40,Mineral,108.2374548,1103.188122,143.8941029,7.666666667,,,,,,,,,,,,,,,
41,WS2,WS2a,7,7C,0 to 20,Mineral,106.8808761,6953.725279,361.5086536,19.23529412,,,,,,,,,,,,,,,
42,WS2,WS2a,7,7C,20 to 40,Mineral,86.87974184,2158.411543,191.8588038,11.25,,,,,,,,,,,,,,,
43,WS2,WS2a,8,8A,0 to 20,Mineral,349.2361702,3619.091287,222.4851201,16.26666667,0.009412082,0.000209757,0.004392327,0.000210591,0.014582048,0.000865403,1882.4165,41.95133874,878.4653344,42.11820096,2916.409602,173.0806885,2760.881834,3.319891506,1.056332642
44,WS2,WS2a,8,8A,20 to 40,Mineral,301.3805333,3407.068726,240.2420255,14.18181818,0.008142602,0.000172635,0.001408634,9.19E-05,0.010855539,0.000697856,1628.520484,34.52693606,281.7268198,18.37348824,2171.107701,139.5712093,1910.247304,7.706428883,1.136558443
45,WS2,WS2a,8,8B,0 to 20,Mineral,172.2032683,4820.510936,252.1498028,19.11764706,,,,,,,,,,,,,,,
46,WS2,WS2a,8,8B,20 to 40,Mineral,187.973727,1834.575468,152.881289,12,,,,,,,,,,,,,,,
47,WS2,WS2a,8,8C,0 to 20,Mineral,357.7685228,2669.821441,177.9880961,15,,,,,,,,,,,,,,,
48,WS2,WS2a,8,8C,20 to 40,Mineral,73.081242,1179.369944,109.2009207,10.8,,,,,,,,,,,,,,,
49,WS2,WS2b,9,9A,0 to 20,Mineral,760.345313,12404.16042,634.7158111,19.54285714,0.011735369,0.000341971,0.002697346,0.000145802,0.00864249,0.000632377,2347.073739,68.39424341,539.4692452,29.16049974,1728.498042,126.4754665,2886.542984,3.204071515,0.598812507
50,WS2,WS2b,9,9A,20 to 40,Mineral,277.3278513,4234.544173,220.5491757,19.2,0.00653024,0.000130692,0.010570832,0.000441473,0.010085447,0.000678828,1306.04792,26.13838398,2114.166373,88.2946513,2017.089444,135.7656357,3420.214293,0.954082645,0.589755282
51,WS2,WS2b,9,9B,0 to 20,Mineral,36.38323962,4515.549628,235.751587,19.15384615,,,,,,,,,,,,,,,
52,WS2,WS2b,9,9B,20 to 40,Mineral,183.1344271,1088.0426,117.626227,9.25,,,,,,,,,,,,,,,
53,WS2,WS2b,9,9C,0 to 20,Mineral,510.5459318,11134.7288,634.7158111,17.54285714,,,,,,,,,,,,,,,
54,WS2,WS2b,9,9C,20 to 40,Mineral,118.2962026,2749.513057,132.3295054,20.77777778,,,,,,,,,,,,,,,
55,WS2,WS2a,10,10A,0 to 20,Mineral,113.4111261,2633.14777,177.6970888,14.81818182,0.009158178,0.000304227,0.003478311,0.000190072,0.021640483,0.001450759,1831.635585,60.84542867,695.662112,38.01432306,4328.0966,290.1517274,2527.297697,6.221549982,1.712539289
56,WS2,WS2a,10,10A,20 to 40,Mineral,70.226627,2061.043032,187.3675483,11,0.00322809,8.96E-05,0.00110749,7.38E-05,0.008500817,0.000794469,645.6179232,17.92957442,221.4979328,14.76652885,1700.163473,158.8937825,867.115856,7.675753228,1.960710856
57,WS2,WS2a,10,10B,0 to 20,Mineral,220.5846402,7673.28338,452.3198624,16.96428571,,,,,,,,,,,,,,,
58,WS2,WS2a,10,10B,20 to 40,Mineral,39.25086955,2706.420142,208.1861648,13,,,,,,,,,,,,,,,
59,WS2,WS2a,10,10C,0 to 20,Mineral,197.2786538,2164.673627,161.542808,13.4,,,,,,,,,,,,,,,
60,WS2,WS2a,10,10C,20 to 40,Mineral,168.7451913,8369.083825,458.0095626,18.27272727,,,,,,,,,,,,,,,
61,WS2,WS2a,11,11A,0 to 20,Mineral,402.9497307,3710.572745,201.532705,18.41176471,0.003744217,9.47E-05,0.002758737,0.000127719,0.006781132,0.000391219,748.8434678,18.93088777,551.7473494,25.54385877,1356.226467,78.24383466,1300.590817,2.45805706,1.042777213
62,WS2,WS2a,11,11A,20 to 40,Mineral,59.23321838,2068.874354,132.0558098,15.66666667,0.00458605,8.97E-05,0.001126498,8.05E-05,0.005789693,0.000513011,917.210033,17.9329386,225.2996302,16.09283073,1157.938518,102.6021472,1142.509663,5.13954913,1.013504354
63,WS2,WS2a,11,11B,0 to 20,Mineral,336.6042219,4623.39735,237.0973,19.5,,,,,,,,,,,,,,,
64,WS2,WS2a,11,11B,20 to 40,Mineral,4.405776574,3521.488262,198.0837148,17.77777778,,,,,,,,,,,,,,,
65,WS2,WS2a,11,11C,0 to 20,Mineral,466.8001946,4504.8487,272.661895,16.52173913,,,,,,,,,,,,,,,
66,WS2,WS2a,11,11C,20 to 40,Mineral,251.1292647,3939.664994,264.1116197,14.91666667,,,,,,,,,,,,,,,
67,WS2,WS2a,12,12A,0 to 20,Mineral,151.4241988,2002.48646,148.3323304,13.5,0.008035837,0.000157875,0.013989997,0.00090258,0.024650102,0.001922708,1607.167468,31.57499938,2797.999404,180.5160906,4930.02035,384.5415873,4405.166872,1.761980486,1.119144971
68,WS2,WS2a,12,12A,20 to 40,Mineral,215.9161703,1430.279876,120.8687219,11.83333333,0.003029315,7.81E-05,0.000689426,3.83E-05,0.006886131,0.000573844,605.8630587,15.62742016,137.8852928,7.660294042,1377.226297,114.7688581,743.7483514,9.988203018,1.851736941
69,WS2,WS2a,12,12B,0 to 20,Mineral,393.9500084,1372.074056,111.2492478,12.33333333,,,,,,,,,,,,,,,
70,WS2,WS2a,12,12B,20 to 40,Mineral,330.4643717,1732.45168,141.0135089,12.28571429,,,,,,,,,,,,,,,
71,WS2,WS2a,12,12C,0 to 20,Mineral,465.7677288,6600.788703,296.6646608,22.25,,,,,,,,,,,,,,,
72,WS2,WS2a,12,12C,20 to 40,Mineral,194.0489666,3041.862834,141.0135089,21.57142857,,,,,,,,,,,,,,,
73,WS4,WS4a,13,13A,0 to 20,Mineral,438.9208448,6668.470542,395.8452833,16.84615385,0.00421598,0.000111445,0.000646945,5.39E-05,0.003013968,0.000235466,843.1959563,22.28908158,129.3889441,10.78241201,602.7936272,47.09325212,972.5849004,4.658772288,0.619785097
74,WS4,WS4a,13,13A,20 to 40,Mineral,110.6510115,2014.905896,129.9939288,15.5,0.00218363,4.34E-05,0.000901904,6.01E-05,0.00520099,0.000407921,436.7260127,8.686040031,180.3807768,12.02538512,1040.198015,81.58415801,617.1067895,5.766678872,1.685604554
75,WS4,WS4a,13,13B,0 to 20,Mineral,113.1059144,6333.524533,385.6954043,16.42105263,,,,,,,,,,,,,,,
76,WS4,WS4a,13,13B,20 to 40,Mineral,65.42182693,3087.355809,194.9908932,15.83333333,,,,,,,,,,,,,,,
77,WS4,WS4a,13,13C,0 to 20,Mineral,850.7301595,4303.548721,304.4963718,14.13333333,,,,,,,,,,,,,,,
78,WS4,WS4a,13,13C,20 to 40,Mineral,67.52279551,1169.945359,113.7446877,10.28571429,,,,,,,,,,,,,,,
79,WS4,WS4a,14,14A,0 to 20,Mineral,266.5311331,5939.298585,258.2303732,23,0.001801091,4.81E-05,0.002946368,0.000167679,0.015118993,0.001381631,360.2181916,9.611271647,589.2736346,33.5358979,3023.798518,276.3262353,949.4918262,5.131399642,3.18464934
80,WS4,WS4a,14,14A,20 to 40,Mineral,3.441893462,1258.84341,133.513695,9.428571429,0.003014376,5.37E-05,0.001718972,0.000117203,0.00976681,0.000924668,602.8752847,10.73823662,343.7943287,23.44052241,1953.361944,184.9336751,946.6696134,5.681774773,2.063404081
81,WS4,WS4a,14,14B,0 to 20,Mineral,404.1878255,4008.719127,209.0436355,19.17647059,,,,,,,,,,,,,,,
82,WS4,WS4a,14,14B,20 to 40,Mineral,72.49157153,2174.36589,152.58708,14.25,,,,,,,,,,,,,,,
83,WS4,WS4a,14,14C,0 to 20,Mineral,170.9986139,4033.312496,209.0436355,19.29411765,,,,,,,,,,,,,,,
84,WS4,WS4a,14,14C,20 to 40,Mineral,135.4517458,1964.558655,152.58708,12.875,,,,,,,,,,,,,,,
85,WS4,WS4a,15,15A,0 to 20,Mineral,302.2891581,5652.972682,386.7823414,14.61538462,0.003517153,0.000116574,0.01443017,0.000878358,0.011887461,0.001057375,703.4306597,23.31484056,2886.033999,175.6716347,2377.492266,211.4750533,3589.464659,0.823792189,0.662352883
86,WS4,WS4a,15,15A,20 to 40,Mineral,102.3146798,1730.673849,124.50891,13.9,0.001543648,3.68E-05,0.001773056,0.000124425,0.005426901,0.000467836,308.7295185,7.356541347,354.6111402,24.8849923,1085.380134,93.56725291,663.3406587,3.060761523,1.636233389
87,WS4,WS4a,15,15B,0 to 20,Mineral,164.8749695,2350.446536,208.2674146,11.28571429,,,,,,,,,,,,,,,
88,WS4,WS4a,15,15B,20 to 40,Mineral,NA,896.464152,87.156237,10.28571429,,,,,,,,,,,,,,,
89,WS4,WS4a,15,15C,0 to 20,Mineral,470.9137924,5980.250048,431.4110731,13.86206897,,,,,,,,,,,,,,,
90,WS4,WS4a,15,15C,20 to 40,Mineral,155.0951081,2851.254039,236.566929,12.05263158,,,,,,,,,,,,,,,
91,WS4,WS4a,16,16A,0 to 20,Mineral,261.9251185,10980.6123,724.6889036,15.15217391,0.027813269,0.000865168,0.007856714,0.000595206,0.023604143,0.001948135,5562.653838,173.0335925,1571.342867,119.0411263,4720.828577,389.6269267,7133.996705,3.004327493,0.66173686
92,WS4,WS4a,16,16A,20 to 40,Mineral,29.23847927,7097.365966,459.0336197,15.46153846,0.002660475,6.68E-05,0.001181952,5.91E-05,0.01325644,0.001055823,532.0950826,13.3520923,236.3903464,11.81951732,2651.288062,211.1645359,768.485429,11.21572054,3.450017349
93,WS4,WS4a,16,16B,0 to 20,Mineral,497.4371566,4489.920381,283.5739188,15.83333333,,,,,,,,,,,,,,,
94,WS4,WS4a,16,16B,20 to 40,Mineral,6.127824997,1942.065314,176.5513922,11,,,,,,,,,,,,,,,
95,WS4,WS4a,16,16C,0 to 20,Mineral,150.2623048,6049.576934,456.8690914,13.24137931,,,,,,,,,,,,,,,
96,WS4,WS4a,16,16C,20 to 40,Mineral,8.637315234,2559.995187,194.2065314,13.18181818,,,,,,,,,,,,,,,
97,WS4,WS4a,17,17A,0 to 20,Mineral,432.5069172,9512.150342,614.1086073,15.4893617,0.00534165,0.000125587,0.000369829,6.72E-05,0.011827733,0.000790543,1068.32994,25.11747507,73.96588778,13.44834323,2365.546684,158.1085187,1142.295827,31.98158982,2.070870458
98,WS4,WS4a,17,17A,20 to 40,Mineral,32.52487144,1660.866161,120.7902662,13.75,0.002047099,3.66E-05,0.002388771,0.000144774,0.004009227,0.000389245,409.4198502,7.320972667,477.7541855,28.95479912,801.8454865,77.84907636,887.1740357,1.678364127,0.90381983
99,WS4,WS4a,17,17B,0 to 20,Mineral,104.938846,8571.38822,548.7779044,15.61904762,,,,,,,,,,,,,,,
100,WS4,WS4a,17,17B,20 to 40,Mineral,0.546562291,5556.352247,347.2720154,16,,,,,,,,,,,,,,,
101,WS4,WS4a,17,17C,0 to 20,Mineral,205.6446012,3776.114628,313.5873739,12.04166667,,,,,,,,,,,,,,,
102,WS4,WS4a,17,17C,20 to 40,Mineral,18.31232257,1343.791712,120.7902662,11.125,,,,,,,,,,,,,,,
103,WS4,WS4a,18,18A,0 to 20,Mineral,432.9746065,5119.424283,319.0145696,16.04761905,0.005448356,0.000151422,0.002264959,0.000143807,0.010939827,0.000892255,1089.671168,30.28436753,452.9918713,28.76138865,2187.965465,178.451084,1542.663039,4.83003251,1.418304198
104,WS4,WS4a,18,18A,20 to 40,Mineral,101.7741421,3068.381833,245.4705466,12.5,0.002123906,4.72E-05,0.000597547,9.96E-05,0.003914638,0.000499741,424.7812067,9.432671989,119.5094724,19.9182454,782.927689,99.94821562,544.2906791,6.551176852,1.438436701
105,WS4,WS4a,18,18B,0 to 20,Mineral,276.3357275,5377.674173,303.8233996,17.7,,,,,,,,,,,,,,,
106,WS4,WS4a,18,18B,20 to 40,Mineral,124.7024478,2307.423138,171.8293826,13.42857143,,,,,,,,,,,,,,,
107,WS4,WS4a,18,18C,0 to 20,Mineral,209.2798139,6365.100222,334.2057396,19.04545455,,,,,,,,,,,,,,,
108,WS4,WS4a,18,18C,20 to 40,Mineral,118.0304697,2528.34663,196.3764373,12.875,,,,,,,,,,,,,,,
109,WS5,WS5b,19,19A,0 to 20,Mineral,278.0840808,3736.876753,234.4706982,15.9375,0.003377827,9.75E-05,0.005763328,0.000399,0.00837758,0.000681566,675.5653471,19.50639015,1152.665565,79.79992371,1675.516037,136.3131691,1828.230912,1.45360119,0.916468497
110,WS5,WS5b,19,19A,20 to 40,Mineral,105.3766109,388.1812971,77.63625942,5,NA,NA,0.00107255,0.000189273,0.004712736,0.000516464,NA,NA,214.5099513,37.8546973,942.5472952,103.2928543,214.5099513,4.393956035,4.393956035
111,WS5,WS5b,19,19B,0 to 20,Mineral,34.64709898,3443.78838,205.161861,16.78571429,,,,,,,,,,,,,,,
112,WS5,WS5b,19,19B,20 to 40,Mineral,360.3538211,1371.573916,155.2725188,8.833333333,,,,,,,,,,,,,,,
113,WS5,WS5b,19,19C,0 to 20,Mineral,69.23749239,3106.736752,190.5074423,16.30769231,,,,,,,,,,,,,,,
114,WS5,WS5b,19,19C,20 to 40,Mineral,1.433695386,1759.755214,181.151272,9.714285714,,,,,,,,,,,,,,,
115,WS5,WS5b,20,20A,0 to 20,Mineral,101.1627244,3650.868592,239.1948388,15.26315789,0.003064475,7.24E-05,0.002409061,0.000146004,0.007866682,0.000725568,612.8949808,14.48722841,481.8122172,29.20074044,1573.336456,145.1135566,1094.707198,3.26545571,1.437221258
116,WS5,WS5b,20,20A,20 to 40,Mineral,89.37506689,1633.680561,171.9663749,9.5,NA,NA,0.000556609,0.000111322,0.005221827,0.000556995,NA,NA,111.3217457,22.26434914,1044.365387,111.3989746,111.3217457,9.38150386,9.38150386
117,WS5,WS5b,20,20B,0 to 20,Mineral,244.9113266,3902.652632,302.140849,12.91666667,,,,,,,,,,,,,,,
118,WS5,WS5b,20,20B,20 to 40,Mineral,139.0506583,1741.159546,193.4621717,9,,,,,,,,,,,,,,,
119,WS5,WS5b,20,20C,0 to 20,Mineral,132.4641952,3927.831036,276.9624449,14.18181818,,,,,,,,,,,,,,,
120,WS5,WS5b,20,20C,20 to 40,Mineral,2.801512036,1268.252015,171.9663749,7.375,,,,,,,,,,,,,,,
121,WS5,WS5b,21,21A,0 to 20,Mineral,203.4885616,3174.040556,242.7207484,13.07692308,0.004211634,0.000119737,0.005267089,0.000258507,0.021471674,0.001478765,842.3267665,23.94748533,1053.417708,51.70148261,4294.334861,295.7530896,1895.744475,4.07657364,2.265249836
122,WS5,WS5b,21,21A,20 to 40,Mineral,62.03922211,1293.452705,150.9028156,8.571428571,0.002533217,6.14E-05,0.000996371,7.38E-05,0.007429703,0.000555492,506.6433441,12.27606286,199.2741677,14.76104946,1485.940683,111.0983688,705.9175118,7.456765221,2.104977789
123,WS5,WS5b,21,21B,0 to 20,Mineral,432.7888315,4462.327605,317.4040556,14.05882353,,,,,,,,,,,,,,,
124,WS5,WS5b,21,21B,20 to 40,Mineral,82.0578722,1724.603606,172.4603606,10,,,,,,,,,,,,,,,
125,WS5,WS5b,21,21C,0 to 20,Mineral,228.6563188,3696.823706,298.7332288,12.375,,,,,,,,,,,,,,,
126,WS5,WS5b,21,21C,20 to 40,Mineral,86.27232485,2306.657324,215.5754508,10.7,,,,,,,,,,,,,,,
127,WS5,WS5b,22,22A,0 to 20,Mineral,652.17068,5491.57086,320.3416335,17.14285714,0.007073674,0.000176842,0.005464067,0.000321416,0.008253765,0.00074323,1414.734851,35.36837128,1092.813373,64.28313957,1650.753073,148.6460113,2507.548224,1.510553508,0.65831359
128,WS5,WS5b,22,22A,20 to 40,Mineral,545.0846239,2975.015268,178.1446268,16.7,0.004057445,7.90E-05,0.00123185,8.50E-05,0.003721148,0.000408419,811.4889403,15.80147565,246.3700404,16.99103727,744.2296263,81.68373947,1057.858981,3.020779738,0.70352442
129,WS5,WS5b,22,22B,0 to 20,Mineral,NA,4027.151964,213.561089,18.85714286,,,,,,,,,,,,,,,
130,WS5,WS5b,22,22B,20 to 40,Mineral,136.9131186,1995.21982,142.5157014,14,,,,,,,,,,,,,,,
131,WS5,WS5b,22,22C,0 to 20,Mineral,225.2912018,6147.508491,289.8329065,21.21052632,,,,,,,,,,,,,,,
132,WS5,WS5b,22,22C,20 to 40,Mineral,105.0484286,2084.292134,142.5157014,14.625,,,,,,,,,,,,,,,
133,WS5,WS5b,23,23A,0 to 20,Mineral,275.4426242,2929.515066,234.3612053,12.5,0.00667559,0.000177948,0.013566694,0.000616668,0.013204181,0.000829248,1335.117996,35.58958863,2713.338824,123.3335829,2640.836166,165.8496143,4048.45682,0.973279173,0.652306863
134,WS5,WS5b,23,23A,20 to 40,Mineral,97.05307591,1570.254572,184.735832,8.5,NA,NA,0.000470146,6.72E-05,0.004552776,0.00047924,NA,NA,94.02925473,13.43275068,910.5552134,95.8479172,94.02925473,9.683743809,9.683743809
135,WS5,WS5b,23,23B,0 to 20,Mineral,500.7899369,5722.319429,390.6020088,14.65,,,,,,,,,,,,,,,
136,WS5,WS5b,23,23B,20 to 40,Mineral,118.5296435,3509.980808,277.103748,12.66666667,,,,,,,,,,,,,,,
137,WS5,WS5b,23,23C,0 to 20,Mineral,446.5064182,4609.103704,312.481607,14.75,,,,,,,,,,,,,,,
138,WS5,WS5b,23,23C,20 to 40,Mineral,96.52783377,1708.806446,184.735832,9.25,,,,,,,,,,,,,,,
139,WS5,WS5a,24,24A,0 to 20,Mineral,511.2226899,5393.576385,212.6098575,25.36842105,0.015652937,0.000473929,0.002284591,0.000139304,0.01205494,0.001036571,3130.587341,94.78575141,456.9181043,27.86086002,2410.987949,207.3142504,3587.505445,5.276630378,0.67205137
140,WS5,WS5a,24,24A,20 to 40,Mineral,576.0718146,2857.86511,174.5261136,16.375,0.003533784,5.60E-05,0.000335283,2.14E-05,0.008558179,0.000895623,706.7567601,11.20083258,67.05658893,4.280207804,1711.635869,179.124684,773.813349,25.52524511,2.211949266
141,WS5,WS5a,24,24B,0 to 20,Mineral,428.1786417,3726.267503,179.03988,20.8125,,,,,,,,,,,,,,,
142,WS5,WS5a,24,24B,20 to 40,Mineral,51.31853452,1483.471966,152.7103494,9.714285714,,,,,,,,,,,,,,,
143,WS5,WS5a,24,24C,0 to 20,Mineral,766.5307532,4364.097075,223.79985,19.5,,,,,,,,,,,,,,,
144,WS5,WS5a,24,24C,20 to 40,Mineral,508.4220779,2159.760656,174.5261136,12.375,,,,,,,,,,,,,,,
199,WS2,WS2a,7,7A,OH,Organic,28.8675,47.63725,1.590875,29.94405594,,,,,,,,,,,,,,,
200,WS2,WS2a,7,7B,OH,Organic,0.15,16.3744,0.5488,29.83673469,,,,,,,,,,,,,,,
201,WS2,WS2a,7,7C,OH,Organic,5.9175,21.75255,0.81795,26.59398496,,,,,,,,,,,,,,,
202,WS2,WS2a,8,8A,OH,Organic,10.5325,66.55935,2.46675,26.9826087,,,,,,,,,,,,,,,
203,WS2,WS2a,8,8B,OH,Organic,10.9725,31.9976,1.269,25.21481481,,,,,,,,,,,,,,,
204,WS2,WS2a,8,8C,OH,Organic,21.3475,26.4863,1.0207,25.94915254,,,,,,,,,,,,,,,
205,WS2,WS2b,9,9A,OH,Organic,16.19,48.8741,1.79705,27.19685039,,,,,,,,,,,,,,,
206,WS2,WS2b,9,9B,OH,Organic,0.28,56.99505,1.60735,35.45901639,,,,,,,,,,,,,,,
207,WS2,WS2b,9,9C,OH,Organic,5.0375,26.26845,0.845975,31.05109489,,,,,,,,,,,,,,,
208,WS2,WS2a,10,10A,OH,Organic,4.7525,21.943875,1.00245,21.8902439,,,,,,,,,,,,,,,
209,WS2,WS2a,10,10B,OH,Organic,5.8225,42.508275,1.72815,24.59756098,,,,,,,,,,,,,,,
210,WS2,WS2a,10,10C,OH,Organic,15.23,13.28925,0.61625,21.56470588,,,,,,,,,,,,,,,
211,WS2,WS2a,11,11A,OH,Organic,1.0075,5.61295,0.26465,21.20895522,,,,,,,,,,,,,,,
212,WS2,WS2a,11,11B,OH,Organic,12.175,38.7618,1.5477,25.04477612,,,,,,,,,,,,,,,
213,WS2,WS2a,11,11C,OH,Organic,3.5025,47.9304,2.1546,22.24561404,,,,,,,,,,,,,,,
214,WS2,WS2a,12,12A,OH,Organic,4.265,5.9605,0.42575,14,,,,,,,,,,,,,,,
215,WS2,WS2a,12,12B,OH,Organic,NA,43.0938,1.7622,24.45454545,,,,,,,,,,,,,,,
216,WS2,WS2a,12,12C,OH,Organic,8.91,26.27625,1.035125,25.38461538,,,,,,,,,,,,,,,
217,WS4,WS4a,13,13A,OH,Organic,0.2925,65.2878,2.6676,24.47435897,,,,,,,,,,,,,,,
218,WS4,WS4a,13,13B,OH,Organic,0.2825,89.86085,3.4481,26.06097561,,,,,,,,,,,,,,,
219,WS4,WS4a,13,13C,OH,Organic,3.23,79.3875,2.555625,31.06382979,,,,,,,,,,,,,,,
220,WS4,WS4a,14,14A,OH,Organic,4.2975,63.49885,1.803125,35.216,,,,,,,,,,,,,,,
221,WS4,WS4a,14,14B,OH,Organic,3.5575,38.763,1.121,34.57894737,,,,,,,,,,,,,,,
222,WS4,WS4a,14,14C,OH,Organic,0.1725,42.837675,1.1129,38.49193548,,,,,,,,,,,,,,,
223,WS4,WS4a,15,15A,OH,Organic,0.0225,25.590425,0.98465,25.9893617,,,,,,,,,,,,,,,
224,WS4,WS4a,15,15B,OH,Organic,0.8575,122.25,5.50125,22.22222222,,,,,,,,,,,,,,,
225,WS4,WS4a,15,15C,OH,Organic,0.575,22.6414,0.9322,24.28813559,,,,,,,,,,,,,,,
226,WS4,WS4a,16,16A,OH,Organic,16.4425,167.4621,4.4577,37.56692913,,,,,,,,,,,,,,,
227,WS4,WS4a,16,16B,OH,Organic,2.205,30.60785,0.92365,33.13793103,,,,,,,,,,,,,,,
228,WS4,WS4a,16,16C,OH,Organic,30.6,324.1953,9.2058,35.21641791,,,,,,,,,,,,,,,
229,WS4,WS4a,17,17A,OH,Organic,0.7825,42.125675,1.773875,23.74782609,,,,,,,,,,,,,,,
230,WS4,WS4a,17,17B,OH,Organic,16.9575,56.660625,3.110625,18.21518987,,,,,,,,,,,,,,,
231,WS4,WS4a,17,17C,OH,Organic,0.405,44.316875,2.230625,19.86746988,,,,,,,,,,,,,,,
232,WS4,WS4a,18,18A,OH,Organic,0.785,84.0854,2.9988,28.03968254,,,,,,,,,,,,,,,
233,WS4,WS4a,18,18B,OH,Organic,2.17,108.70065,3.7449,29.02631579,,,,,,,,,,,,,,,
234,WS4,WS4a,18,18C,OH,Organic,0.1575,59.880375,1.729625,34.62043796,,,,,,,,,,,,,,,
235,WS5,WS5b,19,19A,OH,Organic,2.4325,12.2705,0.414,29.63888889,,,,,,,,,,,,,,,
236,WS5,WS5b,19,19B,OH,Organic,5.455,1.2714,0.0546,23.28571429,,,,,,,,,,,,,,,
237,WS5,WS5b,19,19C,OH,Organic,0.1625,4.7333,0.1079,43.86746988,,,,,,,,,,,,,,,
238,WS5,WS5b,20,20A,OH,Organic,2.43,72.987075,3.3858,21.55681818,,,,,,,,,,,,,,,
239,WS5,WS5b,20,20B,OH,Organic,0.81,10.693675,0.64665,16.53703704,,,,,,,,,,,,,,,
240,WS5,WS5b,20,20C,OH,Organic,0.905,31.69745,1.3461,23.54761905,,,,,,,,,,,,,,,
241,WS5,WS5b,21,21A,OH,Organic,11.005,69.2352,2.8224,24.53061224,,,,,,,,,,,,,,,
242,WS5,WS5b,21,21B,OH,Organic,12.1125,168.987,5.642,29.9516129,,,,,,,,,,,,,,,
243,WS5,WS5b,21,21C,OH,Organic,2.295,129.1075,3.9633,32.57575758,,,,,,,,,,,,,,,
244,WS5,WS5b,22,22A,OH,Organic,6.4,71.7336,2.496825,28.72992701,,,,,,,,,,,,,,,
245,WS5,WS5b,22,22B,OH,Organic,0.24,41.718425,1.305175,31.96385542,,,,,,,,,,,,,,,
246,WS5,WS5b,22,22C,OH,Organic,0.2125,34.3224,1.0584,32.42857143,,,,,,,,,,,,,,,
247,WS5,WS5b,23,23A,OH,Organic,13.6875,18.436025,0.7758,23.76388889,,,,,,,,,,,,,,,
248,WS5,WS5b,23,23B,OH,Organic,NA,54.4687,2.834975,19.21311475,,,,,,,,,,,,,,,
249,WS5,WS5b,23,23C,OH,Organic,0.0175,11.8755,0.3683,32.24409449,,,,,,,,,,,,,,,
250,WS5,WS5a,24,24A,OH,Organic,7.8475,78.489,2.268,34.60714286,,,,,,,,,,,,,,,
251,WS5,WS5a,24,24B,OH,Organic,1.63,54.3375,1.5295,35.52631579,,,,,,,,,,,,,,,
252,WS5,WS5a,24,24C,OH,Organic,1.1675,21.6711,0.7128,30.40277778,,,,,,,,,,,,,,,