CN,PLT_CN,VVT_CN,INVYR,STATECD,COUNTYCD,PLOT,SUBP,VEG_SUBP_STATUS_CD,VEG_SUBP_NONSAMPLE_REASN_CD,SUBP_ACCESSIBLE_FOREST_PCT,DETAILED_NONFOREST_LAND_USE,TOTAL_CANOPY_COVER_LAYER_1,TOTAL_CANOPY_COVER_LAYER_2,TOTAL_CANOPY_COVER_LAYER_3,TOTAL_CANOPY_COVER_LAYER_4,CRYPTO_CRUST_COVER_PCT,LICHEN_COVER_PCT,LITTER_DUFF_COVER_PCT,MINERAL_SOIL_COVER_PCT,MOSS_COVER_PCT,ROAD_TRAIL_COVER_PCT,ROCK_COVER_PCT,STANDING_WATER_COVER_PCT,STREAM_LAKE_COVER_PCT,TRASH_JUNK_COVER_PCT,WOOD_COVER_PCT,VEG_SUBP_STATUS_CD_PRE2004,VEG_SUBP_NONSMP_RSN_CD_PRE2004,CREATED_DATE,MODIFIED_DATE
236065063010661,145008043010661,236065067010661,2009,54,77,1290,1,1,,100,,95,95,24,25,0,1,83,0,1,0,0,0,0,0,15,1,,2010-11-05 10:21:22,
236064269010661,145007229010661,236064270010661,2009,54,31,2183,4,1,,100,,90,13,4,85,0,1,85,2,1,0,2,0,4,0,5,1,,2010-11-05 10:21:17,
236065243010661,145007315010661,236065247010661,2009,54,83,1402,1,1,,100,,65,80,85,85,0,1,71,1,11,0,1,0,0,0,15,1,,2010-11-05 10:21:23,
236065244010661,145007315010661,236065247010661,2009,54,83,1402,2,1,,100,,60,80,95,85,0,1,90,0,2,0,0,0,0,0,7,1,,2010-11-05 10:21:23,
236065245010661,145007315010661,236065247010661,2009,54,83,1402,3,1,,100,,15,13,100,80,0,1,90,2,1,0,1,0,0,0,5,1,,2010-11-05 10:21:23,
236065246010661,145007315010661,236065247010661,2009,54,83,1402,4,1,,100,,75,70,75,90,0,1,70,11,1,0,1,0,0,0,16,1,,2010-11-05 10:21:23,
236064852010661,145007335010661,236064856010661,2009,54,75,1492,1,1,,100,,70,35,28,90,0,1,85,0,6,0,0,0,0,0,8,1,,2010-11-05 10:21:22,
236064853010661,145007335010661,236064856010661,2009,54,75,1492,2,1,,100,,75,40,30,90,0,1,86,0,4,0,1,0,0,0,8,1,,2010-11-05 10:21:22,
236064854010661,145007335010661,236064856010661,2009,54,75,1492,3,1,,100,,85,7,35,90,0,1,90,0,2,0,1,0,0,0,6,1,,2010-11-05 10:21:22,
236064855010661,145007335010661,236064856010661,2009,54,75,1492,4,1,,100,,73,6,15,100,0,1,87,0,8,0,0,0,0,0,4,1,,2010-11-05 10:21:22,
218446164010661,171000537010661,218446199010661,2008,54,87,744,4,1,,50,32,1,50,1,0,0,0,49,0,0,0,0,0,0,0,1,1,,2009-10-30 10:22:52,
249350329010661,169112995010661,249350331010661,2010,54,39,2374,3,1,,100,,24,72,95,75,0,0,79,1,1,0,0,0,0,0,19,1,,2011-06-06 07:01:40,
249350330010661,169112995010661,249350331010661,2010,54,39,2374,4,1,,100,,71,24,39,94,0,0,93,1,1,0,0,0,0,0,5,1,,2011-06-06 07:01:40,
249350878010661,169113039010661,249350882010661,2010,54,47,1853,1,1,,100,,68,42,95,88,0,0,73,6,2,0,1,0,0,0,18,1,,2011-06-06 07:01:42,
249350879010661,169113039010661,249350882010661,2010,54,47,1853,2,1,,100,,76,55,92,88,0,0,79,8,1,0,4,0,0,0,8,1,,2011-06-06 07:01:42,
249350880010661,169113039010661,249350882010661,2010,54,47,1853,3,1,,100,,68,34,92,86,0,0,79,10,1,0,1,0,0,0,9,1,,2011-06-06 07:01:42,
249350881010661,169113039010661,249350882010661,2010,54,47,1853,4,1,,100,,68,42,90,95,0,0,72,9,1,0,5,0,0,0,13,1,,2011-06-06 07:01:42,
249349284010661,169113105010661,249349288010661,2010,54,5,2402,1,1,,100,,72,33,34,94,0,1,77,10,3,0,2,0,0,0,7,1,,2011-06-06 07:01:37,
249349285010661,169113105010661,249349288010661,2010,54,5,2402,2,1,,100,,69,38,30,95,0,0,59,4,2,18,2,0,0,6,9,1,,2011-06-06 07:01:37,
249349286010661,169113105010661,249349288010661,2010,54,5,2402,3,1,,100,,19,38,53,90,0,0,71,9,1,0,0,0,0,0,19,1,,2011-06-06 07:01:37,
249349287010661,169113105010661,249349288010661,2010,54,5,2402,4,1,,100,,19,14,48,98,0,1,74,9,1,0,7,0,0,0,8,1,,2011-06-06 07:01:37,
249353188010661,169113125010661,249353192010661,2010,54,107,762,1,2,,,,,,,,,,,,,,,,,,,2,,2011-06-06 07:01:50,
249353189010661,169113125010661,249353192010661,2010,54,107,762,2,1,,100,,95,95,60,18,0,0,91,1,0,0,0,0,0,0,8,1,,2011-06-06 07:01:50,
249353190010661,169113125010661,249353192010661,2010,54,107,762,3,2,,,,,,,,,,,,,,,,,,,2,,2011-06-06 07:01:50,
249353191010661,169113125010661,249353192010661,2010,54,107,762,4,2,,,,,,,,,,,,,,,,,,,2,,2011-06-06 07:01:50,
249350172010661,169113149010661,249350176010661,2010,54,35,1145,1,1,,42,32,42,18,40,42,0,1,25,2,3,0,3,0,0,0,8,2,,2011-06-06 07:01:40,
249350173010661,169113149010661,249350176010661,2010,54,35,1145,2,1,,100,,65,12,70,95,0,1,74,4,2,0,4,0,0,0,15,1,,2011-06-06 07:01:40,
249350174010661,169113149010661,249350176010661,2010,54,35,1145,3,1,,61,32,58,55,58,61,0,1,36,1,2,0,1,0,0,0,20,1,,2011-06-06 07:01:40,
249350175010661,169113149010661,249350176010661,2010,54,35,1145,4,1,,70,32,60,20,16,70,0,1,38,8,1,0,3,0,0,0,19,1,,2011-06-06 07:01:40,
249351392010661,169113193010661,249351396010661,2010,54,59,1096,1,1,,92,40,78,28,6,87,0,0,46,6,9,0,10,0,15,0,6,1,,2011-06-06 07:01:44,
249351393010661,169113193010661,249351396010661,2010,54,59,1096,2,1,,100,,88,82,76,80,0,0,78,4,2,0,2,0,0,0,14,1,,2011-06-06 07:01:44,
249351394010661,169113193010661,249351396010661,2010,54,59,1096,3,3,4,,,,,,,,,,,,,,,,,,3,4,2011-06-06 07:01:44,
249351395010661,169113193010661,249351396010661,2010,54,59,1096,4,1,,100,,78,40,32,95,0,0,81,4,1,0,0,0,0,0,14,1,,2011-06-06 07:01:44,
249353076010661,169113235010661,249353080010661,2010,54,99,1003,1,1,,100,,72,12,50,90,0,1,75,1,4,0,6,0,0,0,13,1,,2011-06-06 07:01:49,
249353077010661,169113235010661,249353080010661,2010,54,99,1003,2,1,,100,,90,11,57,88,0,0,87,2,2,0,0,0,0,0,9,1,,2011-06-06 07:01:49,
249353078010661,169113235010661,249353080010661,2010,54,99,1003,3,1,,100,,72,3,18,98,0,1,82,1,4,0,3,0,0,0,9,1,,2011-06-06 07:01:49,
249353079010661,169113235010661,249353080010661,2010,54,99,1003,4,1,,100,,95,80,72,78,0,0,88,0,3,0,1,0,0,0,8,1,,2011-06-06 07:01:49,
249349429010661,169113285010661,249349433010661,2010,54,15,1378,1,1,,100,,88,22,67,95,0,1,18,55,6,0,6,0,0,0,14,1,,2011-06-06 07:01:37,
249349430010661,169113285010661,249349433010661,2010,54,15,1378,2,1,,100,,99,18,15,99,0,0,18,65,1,0,3,0,0,0,13,1,,2011-06-06 07:01:37,
249349431010661,169113285010661,249349433010661,2010,54,15,1378,3,1,,100,,76,48,60,99,0,0,72,14,1,0,5,0,0,0,8,1,,2011-06-06 07:01:37,
249349432010661,169113285010661,249349433010661,2010,54,15,1378,4,1,,100,,95,35,55,95,0,0,18,62,0,0,1,0,0,0,19,1,,2011-06-06 07:01:37,
249351715010661,169113311010661,249351719010661,2010,54,65,1431,1,1,,100,,65,21,83,100,0,1,82,0,8,0,0,0,0,0,9,1,,2011-06-06 07:01:45,
249351716010661,169113311010661,249351719010661,2010,54,65,1431,2,1,,100,,51,65,72,99,0,1,66,1,12,0,9,0,0,0,11,1,,2011-06-06 07:01:45,
249351717010661,169113311010661,249351719010661,2010,54,65,1431,3,1,,100,,24,38,79,100,0,1,82,2,1,0,0,0,0,0,14,1,,2011-06-06 07:01:45,
249351718010661,169113311010661,249351719010661,2010,54,65,1431,4,1,,100,,22,24,72,92,0,1,70,0,8,0,2,0,0,0,19,1,,2011-06-06 07:01:45,
249352404010661,169113319010661,249352408010661,2010,54,77,1835,1,1,,100,,100,72,33,24,0,0,58,34,0,0,6,0,0,0,2,1,,2011-06-06 07:01:47,
249352405010661,169113319010661,249352408010661,2010,54,77,1835,2,1,,100,,98,92,67,71,0,0,65,16,1,0,2,0,0,0,16,1,,2011-06-06 07:01:47,
249352406010661,169113319010661,249352408010661,2010,54,77,1835,3,1,,100,,100,95,6,12,0,0,51,27,1,0,2,0,0,0,19,1,,2011-06-06 07:01:47,
249352407010661,169113319010661,249352408010661,2010,54,77,1835,4,1,,100,,99,85,36,44,0,0,70,14,1,0,1,0,0,0,14,1,,2011-06-06 07:01:47,
249352686010661,169113349010661,249352690010661,2010,54,81,1604,1,2,,,,,,,,,,,,,,,,,,,2,,2011-06-06 07:01:48,
249352687010661,169113349010661,249352690010661,2010,54,81,1604,2,2,,,,,,,,,,,,,,,,,,,2,,2011-06-06 07:01:48,
249352688010661,169113349010661,249352690010661,2010,54,81,1604,3,1,,22,32,5,21,20,21,0,0,16,3,0,0,0,0,0,1,2,2,,2011-06-06 07:01:48,
249352689010661,169113349010661,249352690010661,2010,54,81,1604,4,1,,100,,90,65,54,95,0,1,80,4,6,0,4,0,0,0,5,1,,2011-06-06 07:01:48,
249352563010661,169113379010661,249352567010661,2010,54,79,1640,1,1,,100,,48,32,86,98,0,1,72,10,5,0,4,0,0,0,8,1,,2011-06-06 07:01:47,
249352564010661,169113379010661,249352567010661,2010,54,79,1640,2,1,,100,,47,38,85,98,0,0,90,1,2,0,1,0,0,0,6,1,,2011-06-06 07:01:47,
249352565010661,169113379010661,249352567010661,2010,54,79,1640,3,1,,100,,19,20,88,95,0,0,87,0,2,0,0,0,0,0,11,1,,2011-06-06 07:01:47,
249352566010661,169113379010661,249352567010661,2010,54,79,1640,4,1,,100,,78,34,62,95,0,0,90,0,1,0,0,0,0,0,9,1,,2011-06-06 07:01:47,
236068678010661,145007449010661,236068682010661,2009,54,61,2189,1,1,,100,,60,70,88,55,0,1,91,0,2,0,1,0,0,0,5,1,,2010-11-05 10:21:21,
236068679010661,145007449010661,236068682010661,2009,54,61,2189,2,1,,100,,75,75,51,90,0,1,84,1,7,0,2,0,0,0,5,1,,2010-11-05 10:21:21,
236068680010661,145007449010661,236068682010661,2009,54,61,2189,3,1,,100,,60,65,40,85,0,1,89,0,3,0,1,0,0,0,6,1,,2010-11-05 10:21:21,
236068681010661,145007449010661,236068682010661,2009,54,61,2189,4,1,,100,,70,60,65,55,0,1,90,1,3,0,1,0,0,0,4,1,,2010-11-05 10:21:21,
236063631010661,145007461010661,236063635010661,2009,54,1,1932,1,1,,100,,60,100,65,20,0,0,98,0,1,0,0,0,0,0,1,1,,2010-11-05 10:21:12,
236063632010661,145007461010661,236063635010661,2009,54,1,1932,2,1,,100,,70,40,50,65,0,1,94,2,1,0,0,0,0,0,2,1,,2010-11-05 10:21:12,
236063633010661,145007461010661,236063635010661,2009,54,1,1932,3,1,,100,,60,80,80,50,0,1,93,4,1,0,0,0,0,0,1,1,,2010-11-05 10:21:12,
236063634010661,145007461010661,236063635010661,2009,54,1,1932,4,1,,100,,100,80,30,75,0,1,97,0,1,0,0,0,0,0,1,1,,2010-11-05 10:21:12,
236065400010661,145007475010661,236065404010661,2009,54,97,2114,1,1,,100,,60,17,5,90,0,1,92,1,2,0,0,0,0,0,4,1,,2010-11-05 10:21:23,
236065401010661,145007475010661,236065404010661,2009,54,97,2114,2,1,,69,32,41,16,34,69,0,1,61,3,1,0,1,0,0,0,2,1,,2010-11-05 10:21:23,
236065402010661,145007475010661,236065404010661,2009,54,97,2114,3,1,,23,32,20,15,8,23,0,1,17,2,1,0,1,0,0,0,1,2,,2010-11-05 10:21:23,
236065403010661,145007475010661,236065404010661,2009,54,97,2114,4,1,,100,,70,40,20,95,0,1,92,0,1,0,0,0,0,0,6,1,,2010-11-05 10:21:23,
236066173010661,145007489010661,236066177010661,2009,54,25,2197,1,1,,100,,60,11,14,95,0,1,94,0,1,0,0,0,0,0,4,1,,2010-11-05 10:21:16,
236065064010661,145008043010661,236065067010661,2009,54,77,1290,2,1,,100,,80,85,55,60,0,1,90,0,1,0,0,0,0,0,8,1,,2010-11-05 10:21:22,
236065065010661,145008043010661,236065067010661,2009,54,77,1290,3,1,,100,,95,95,25,60,0,1,83,0,1,0,0,0,0,0,15,1,,2010-11-05 10:21:22,
236065066010661,145008043010661,236065067010661,2009,54,77,1290,4,1,,100,,95,85,31,16,0,1,92,1,1,0,0,0,0,0,5,1,,2010-11-05 10:21:22,
236065749010661,145008085010661,236065753010661,2009,54,5,1861,1,1,,100,,45,15,25,90,0,1,68,25,1,0,1,0,0,0,4,1,,2010-11-05 10:21:13,
236065750010661,145008085010661,236065753010661,2009,54,5,1861,2,1,,100,,70,35,30,85,0,1,77,11,1,0,0,0,0,0,10,1,,2010-11-05 10:21:13,
236065751010661,145008085010661,236065753010661,2009,54,5,1861,3,3,3,,,,,,,,,,,,,,,,,,3,3,2010-11-05 10:21:13,
236065752010661,145008085010661,236065753010661,2009,54,5,1861,4,1,,100,,50,25,30,90,0,1,91,5,1,0,0,0,0,0,2,1,,2010-11-05 10:21:13,
236067636010661,145008093010661,236067640010661,2009,54,59,257,1,1,,100,,50,75,90,90,0,1,91,2,2,0,2,0,0,0,2,1,,2010-11-05 10:21:20,
236067637010661,145008093010661,236067640010661,2009,54,59,257,2,1,,100,,50,60,90,90,0,1,93,2,1,0,1,0,0,0,2,1,,2010-11-05 10:21:20,
236067639010661,145008093010661,236067640010661,2009,54,59,257,4,1,,100,,60,50,80,90,0,1,89,2,4,0,1,0,0,0,3,1,,2010-11-05 10:21:20,
236065556010661,145008105010661,236065558010661,2009,54,101,2463,3,1,,100,,18,30,27,95,0,2,58,1,30,0,3,0,0,0,6,1,,2010-11-05 10:21:24,
236065557010661,145008105010661,236065558010661,2009,54,101,2463,4,1,,100,,25,13,15,95,0,1,58,1,30,0,6,0,0,0,4,1,,2010-11-05 10:21:24,
236065949010661,145008167010661,236065953010661,2009,54,25,2331,1,1,,100,,20,7,14,95,0,1,88,8,1,0,0,0,0,0,2,1,,2010-11-05 10:21:16,
236065950010661,145008167010661,236065953010661,2009,54,25,2331,2,1,,100,,95,70,25,45,0,1,93,1,1,0,0,0,0,0,4,1,,2010-11-05 10:21:16,
236065951010661,145008167010661,236065953010661,2009,54,25,2331,3,1,,100,,98,75,39,43,0,1,92,3,1,0,0,0,0,0,3,1,,2010-11-05 10:21:16,
236065952010661,145008167010661,236065953010661,2009,54,25,2331,4,1,,100,,60,25,15,90,0,1,91,4,1,0,0,0,0,0,3,1,,2010-11-05 10:21:16,
236069348010661,174547884010661,236069352010661,2009,54,103,3601,1,1,,100,,90,80,38,85,0,1,82,1,4,0,0,0,0,0,12,1,,2010-11-05 10:21:25,
236069349010661,174547884010661,236069352010661,2009,54,103,3601,2,1,,100,,90,65,15,35,0,1,80,0,1,0,0,0,0,0,18,1,,2010-11-05 10:21:25,
236069350010661,174547884010661,236069352010661,2009,54,103,3601,3,1,,100,,80,35,15,95,0,1,88,3,2,0,2,0,0,0,4,1,,2010-11-05 10:21:25,
236069351010661,174547884010661,236069352010661,2009,54,103,3601,4,1,,100,,85,60,27,90,0,1,90,1,1,0,1,0,0,0,6,1,,2010-11-05 10:21:25,
249349765010661,169112363010661,249349769010661,2010,54,27,602,1,1,,100,,86,86,27,30,0,1,86,0,7,0,3,0,0,0,3,1,,2011-06-06 07:01:39,
249349766010661,169112363010661,249349769010661,2010,54,27,602,2,1,,100,,52,52,19,24,0,1,65,4,14,0,5,0,0,0,11,1,,2011-06-06 07:01:39,
249349767010661,169112363010661,249349769010661,2010,54,27,602,3,1,,100,,89,95,42,66,0,3,77,2,8,0,5,0,0,0,5,1,,2011-06-06 07:01:39,
249349768010661,169112363010661,249349769010661,2010,54,27,602,4,1,,100,,16,14,87,99,0,1,28,10,45,0,5,0,0,0,11,1,,2011-06-06 07:01:39,
249351944010661,169112397010661,249351948010661,2010,54,71,1818,1,1,,100,,95,65,45,70,0,1,88,0,1,0,5,0,0,0,5,1,,2011-06-06 07:01:46,
249351945010661,169112397010661,249351948010661,2010,54,71,1818,2,1,,100,,99,90,33,32,0,3,82,0,5,0,5,0,0,0,5,1,,2011-06-06 07:01:46,
249351946010661,169112397010661,249351948010661,2010,54,71,1818,3,1,,100,,95,82,24,42,0,2,88,0,1,0,5,0,0,0,4,1,,2011-06-06 07:01:46,
249351947010661,169112397010661,249351948010661,2010,54,71,1818,4,1,,100,,98,90,22,75,0,1,86,0,4,0,4,0,0,0,5,1,,2011-06-06 07:01:46,
249352090010661,169112451010661,249352094010661,2010,54,71,2100,1,1,,100,,25,8,43,100,0,1,86,1,1,0,3,0,0,0,8,1,,2011-06-06 07:01:46,
249352091010661,169112451010661,249352094010661,2010,54,71,2100,2,1,,100,,77,5,15,70,0,1,80,3,1,0,6,0,0,0,9,1,,2011-06-06 07:01:46,
249352092010661,169112451010661,249352094010661,2010,54,71,2100,3,1,,100,,72,4,38,100,0,1,76,5,1,0,1,0,0,0,16,1,,2011-06-06 07:01:46,
249352093010661,169112451010661,249352094010661,2010,54,71,2100,4,1,,100,,33,5,85,95,0,1,82,1,1,0,5,0,0,0,10,1,,2011-06-06 07:01:46,
249352220010661,169112507010661,249352224010661,2010,54,75,3599,1,1,,100,,88,90,58,84,0,1,81,1,8,0,1,0,0,0,8,1,,2011-06-06 07:01:46,
249352221010661,169112507010661,249352224010661,2010,54,75,3599,2,1,,100,,96,85,85,74,0,0,82,1,7,0,0,0,0,0,10,1,,2011-06-06 07:01:46,
249352222010661,169112507010661,249352224010661,2010,54,75,3599,3,1,,82,40,58,39,78,75,0,19,41,2,6,0,9,0,0,0,5,1,,2011-06-06 07:01:46,
249352223010661,169112507010661,249352224010661,2010,54,75,3599,4,1,,100,,80,68,89,99,0,4,66,1,2,0,19,0,0,0,8,1,,2011-06-06 07:01:46,
249352894010661,169112575010661,249352898010661,2010,54,83,1282,1,1,,100,,85,25,85,78,0,1,75,4,1,0,4,0,8,0,7,1,,2011-06-06 07:01:48,
249352895010661,169112575010661,249352898010661,2010,54,83,1282,2,1,,100,,85,40,76,90,0,1,78,8,1,0,2,0,0,0,10,1,,2011-06-06 07:01:48,
249352896010661,169112575010661,249352898010661,2010,54,83,1282,3,1,,100,,80,88,80,85,0,1,85,0,1,0,1,0,0,0,12,1,,2011-06-06 07:01:48,
249352897010661,169112575010661,249352898010661,2010,54,83,1282,4,1,,100,,82,75,53,91,0,1,76,0,6,0,1,1,0,0,15,1,,2011-06-06 07:01:48,
249351565010661,169112609010661,249351569010661,2010,54,63,1793,1,1,,100,,100,85,20,60,0,0,75,1,2,0,16,0,0,0,6,1,,2011-06-06 07:01:44,
249351566010661,169112609010661,249351569010661,2010,54,63,1793,2,1,,100,,100,95,45,95,0,0,91,1,1,0,0,0,0,0,7,1,,2011-06-06 07:01:44,
249351567010661,169112609010661,249351569010661,2010,54,63,1793,3,1,,100,,100,90,21,40,0,0,79,0,1,0,18,0,0,0,2,1,,2011-06-06 07:01:44,
249351568010661,169112609010661,249351569010661,2010,54,63,1793,4,1,,100,,100,85,40,95,0,0,84,0,2,0,1,0,0,0,13,1,,2011-06-06 07:01:44,
249349101010661,169112647010661,249349105010661,2010,54,1,2429,1,1,,100,,56,9,36,99,0,1,69,5,2,0,9,0,0,0,14,1,,2011-06-06 07:01:36,
249349102010661,169112647010661,249349105010661,2010,54,1,2429,2,1,,100,,52,9,38,88,0,0,21,6,7,0,18,0,0,0,48,1,,2011-06-06 07:01:36,
249349103010661,169112647010661,249349105010661,2010,54,1,2429,3,1,,100,,72,10,62,94,0,1,70,8,3,0,2,0,0,0,16,1,,2011-06-06 07:01:36,
249349104010661,169112647010661,249349105010661,2010,54,1,2429,4,1,,100,,88,52,14,90,0,0,77,4,2,0,1,0,0,0,16,1,,2011-06-06 07:01:36,
249349960010661,169112739010661,249349964010661,2010,54,33,830,1,1,,100,,90,72,45,80,0,0,42,48,1,0,0,0,0,1,8,1,,2011-06-06 07:01:39,
249349961010661,169112739010661,249349964010661,2010,54,33,830,2,1,,100,,100,95,1,0,0,0,50,50,0,0,0,0,0,0,0,1,,2011-06-06 07:01:39,
249349962010661,169112739010661,249349964010661,2010,54,33,830,3,1,,100,,86,45,42,99,0,0,41,45,1,0,1,0,0,0,12,1,,2011-06-06 07:01:39,
249349963010661,169112739010661,249349964010661,2010,54,33,830,4,1,,100,,92,45,78,95,0,0,44,50,1,0,0,0,0,0,5,1,,2011-06-06 07:01:39,
249350494010661,169112751010661,249350498010661,2010,54,41,2378,1,1,,100,,65,15,55,100,0,0,83,3,1,0,1,0,0,0,12,1,,2011-06-06 07:01:41,
249350495010661,169112751010661,249350498010661,2010,54,41,2378,2,1,,19,32,15,14,11,19,0,0,7,5,2,0,0,0,0,0,5,2,,2011-06-06 07:01:41,
249350496010661,169112751010661,249350498010661,2010,54,41,2378,3,1,,100,,95,55,20,80,0,0,78,3,1,0,2,0,0,0,16,1,,2011-06-06 07:01:41,
249350497010661,169112751010661,249350498010661,2010,54,41,2378,4,1,,100,,52,24,70,95,0,0,91,0,0,0,1,0,0,0,8,1,,2011-06-06 07:01:41,
249351869010661,169112765010661,249351873010661,2010,54,67,862,1,1,,100,,72,10,33,85,0,0,37,12,10,0,26,0,10,0,5,1,,2011-06-06 07:01:45,
249351870010661,169112765010661,249351873010661,2010,54,67,862,2,1,,100,,76,12,14,95,0,0,68,6,1,0,10,0,0,0,15,1,,2011-06-06 07:01:45,
249351871010661,169112765010661,249351873010661,2010,54,67,862,3,1,,100,,52,16,40,99,0,0,70,1,1,0,15,0,0,0,13,1,,2011-06-06 07:01:45,
249351872010661,169112765010661,249351873010661,2010,54,67,862,4,1,,100,,50,33,65,95,0,0,54,2,6,0,20,0,0,1,17,1,,2011-06-06 07:01:45,
249349642010661,169112775010661,249349646010661,2010,54,19,913,1,1,,100,,92,46,40,92,0,0,72,3,1,0,1,0,14,0,9,1,,2011-06-06 07:01:38,
249349643010661,169112775010661,249349646010661,2010,54,19,913,2,1,,100,,89,30,95,99,0,0,65,9,7,0,1,0,0,0,18,1,,2011-06-06 07:01:38,
249349644010661,169112775010661,249349646010661,2010,54,19,913,3,1,,73,32,68,65,55,72,0,0,57,9,2,0,1,0,0,0,4,1,,2011-06-06 07:01:38,
249349645010661,169112775010661,249349646010661,2010,54,19,913,4,1,,100,,91,16,44,96,0,0,80,2,2,0,1,0,9,0,6,1,,2011-06-06 07:01:38,
249351184010661,169112787010661,249351188010661,2010,54,55,737,1,1,,100,,24,30,99,8,0,0,13,75,1,0,2,1,0,0,8,1,,2011-06-06 07:01:43,
249351185010661,169112787010661,249351188010661,2010,54,55,737,2,1,,100,,38,42,95,12,0,2,45,1,4,0,29,0,0,0,19,1,,2011-06-06 07:01:43,
249351186010661,169112787010661,249351188010661,2010,54,55,737,3,1,,100,,66,31,87,45,0,0,72,11,0,0,1,0,0,0,16,1,,2011-06-06 07:01:43,
249351187010661,169112787010661,249351188010661,2010,54,55,737,4,1,,100,,80,14,76,100,0,0,62,6,5,0,14,0,8,0,5,1,,2011-06-06 07:01:43,
249350692010661,169112915010661,249350696010661,2010,54,47,2474,1,1,,100,,100,95,24,82,0,0,73,1,4,0,17,0,0,0,5,1,,2011-06-06 07:01:42,
249350693010661,169112915010661,249350696010661,2010,54,47,2474,2,1,,100,,100,92,58,38,0,0,38,4,5,0,15,0,0,0,38,1,,2011-06-06 07:01:42,
249350694010661,169112915010661,249350696010661,2010,54,47,2474,3,1,,100,,99,95,25,22,0,0,59,4,0,0,18,0,0,0,19,1,,2011-06-06 07:01:42,
249350695010661,169112915010661,249350696010661,2010,54,47,2474,4,1,,100,,86,27,46,100,0,1,56,2,15,0,14,0,0,0,12,1,,2011-06-06 07:01:42,
249350970010661,169112927010661,249350974010661,2010,54,51,1731,1,2,,,,,,,,,,,,,,,,,,,2,,2011-06-06 07:01:43,
249350971010661,169112927010661,249350974010661,2010,54,51,1731,2,2,,,,,,,,,,,,,,,,,,,2,,2011-06-06 07:01:43,
249350972010661,169112927010661,249350974010661,2010,54,51,1731,3,2,,,,,,,,,,,,,,,,,,,2,,2011-06-06 07:01:43,
249350973010661,169112927010661,249350974010661,2010,54,51,1731,4,1,,54,11,52,45,35,41,0,0,45,1,1,0,1,0,0,0,6,1,,2011-06-06 07:01:43,
249350327010661,169112995010661,249350331010661,2010,54,39,2374,1,1,,100,,88,36,68,100,0,0,86,1,1,0,0,0,0,0,12,1,,2011-06-06 07:01:40,
249350328010661,169112995010661,249350331010661,2010,54,39,2374,2,1,,100,,88,9,28,99,0,0,80,4,4,0,0,0,0,0,12,1,,2011-06-06 07:01:40,
236067638010661,145008093010661,236067640010661,2009,54,59,257,3,1,,100,,45,40,95,90,0,1,87,3,2,0,1,0,0,0,6,1,,2010-11-05 10:21:20,
236065554010661,145008105010661,236065558010661,2009,54,101,2463,1,1,,100,,25,19,35,100,0,1,60,3,25,0,5,0,0,0,6,1,,2010-11-05 10:21:24,
236065555010661,145008105010661,236065558010661,2009,54,101,2463,2,1,,100,,30,12,20,90,0,1,61,0,30,0,6,0,0,0,2,1,,2010-11-05 10:21:24,
218446592010661,171000585010661,218446638010661,2008,54,107,934,1,1,,100,,95,45,48,43,0,1,94,1,1,0,1,0,0,0,2,1,,2009-10-30 10:22:53,
218446593010661,171000585010661,218446638010661,2008,54,107,934,2,1,,100,,90,70,55,0,0,1,96,1,1,0,0,0,0,0,1,1,,2009-10-30 10:22:53,
218446594010661,171000585010661,218446638010661,2008,54,107,934,3,1,,100,,70,85,75,10,0,1,97,0,0,0,0,0,0,0,2,1,,2009-10-30 10:22:53,
218446595010661,171000585010661,218446638010661,2008,54,107,934,4,1,,100,,90,25,40,82,0,1,80,2,1,0,2,1,1,0,12,1,,2009-10-30 10:22:53,
218445982010661,171000596010661,218445986010661,2008,54,109,1029,1,2,,,,,,,,,,,,,,,,,,,2,,2009-10-30 10:22:53,
218445983010661,171000596010661,218445986010661,2008,54,109,1029,2,1,,32,31,15,31,22,15,0,1,28,0,1,0,1,0,0,0,1,2,,2009-10-30 10:22:53,
218445984010661,171000596010661,218445986010661,2008,54,109,1029,3,2,,,,,,,,,,,,,,,,,,,2,,2009-10-30 10:22:53,
218445985010661,171000596010661,218445986010661,2008,54,109,1029,4,2,,,,,,,,,,,,,,,,,,,2,,2009-10-30 10:22:53,
218445174010661,171000614010661,218445178010661,2008,54,83,214,1,1,,100,,50,7,72,98,0,1,82,0,4,0,1,0,0,0,12,1,,2009-10-30 10:22:52,
218445175010661,171000614010661,218445178010661,2008,54,83,214,2,1,,100,,55,1,70,99,0,1,72,0,8,0,1,0,0,0,18,1,,2009-10-30 10:22:52,
236068330010661,145007991010661,236068332010661,2009,54,11,797,3,1,,100,,70,50,65,90,0,1,75,8,10,0,3,0,0,0,3,1,,2010-11-05 10:21:15,
236068331010661,145007991010661,236068332010661,2009,54,11,797,4,1,,4,10,4,4,0,0,0,0,4,0,0,0,0,0,0,0,0,2,,2010-11-05 10:21:15,
236068893010661,145008011010661,236068897010661,2009,54,99,1933,1,1,,100,,80,70,20,90,0,1,90,1,1,0,0,0,0,0,7,1,,2010-11-05 10:21:24,
236068894010661,145008011010661,236068897010661,2009,54,99,1933,2,1,,100,,75,70,30,90,0,1,94,1,1,0,0,0,0,0,3,1,,2010-11-05 10:21:24,
236068895010661,145008011010661,236068897010661,2009,54,99,1933,3,1,,100,,70,65,45,100,0,1,91,0,2,0,4,0,0,0,2,1,,2010-11-05 10:21:24,
236068896010661,145008011010661,236068897010661,2009,54,99,1933,4,1,,100,,90,80,50,80,0,1,94,1,1,0,0,0,0,0,3,1,,2010-11-05 10:21:24,
218417401010661,122560278010661,218417404010661,2007,54,49,1524,2,1,,43,32,38,41,19,10,0,0,43,0,0,0,0,0,0,0,0,2,,2009-10-30 10:22:41,
218417402010661,122560278010661,218417404010661,2007,54,49,1524,3,1,,100,,90,80,60,4,0,0,99,0,0,0,0,0,0,0,1,1,,2009-10-30 10:22:41,
218417403010661,122560278010661,218417404010661,2007,54,49,1524,4,1,,23,32,20,17,20,4,0,0,22,1,0,0,0,0,0,0,0,2,,2009-10-30 10:22:41,
218415656010661,122560344010661,218415660010661,2007,54,67,2125,1,1,,100,,65,20,20,70,0,1,82,1,4,0,3,0,0,0,9,1,,2009-10-30 10:22:42,
218415657010661,122560344010661,218415660010661,2007,54,67,2125,2,1,,100,,14,25,32,97,0,1,82,0,6,0,11,0,0,0,0,1,,2009-10-30 10:22:42,
218415658010661,122560344010661,218415660010661,2007,54,67,2125,3,1,,100,,58,50,21,80,0,1,87,1,4,0,0,0,0,0,7,1,,2009-10-30 10:22:42,
218415659010661,122560344010661,218415660010661,2007,54,67,2125,4,1,,100,,28,73,75,90,0,1,88,1,1,0,1,0,0,0,8,1,,2009-10-30 10:22:42,
218415458010661,122560400010661,218415462010661,2007,54,17,1836,1,1,,100,,90,5,10,95,0,1,82,4,4,0,5,0,0,0,4,1,,2009-10-30 10:22:38,
218415459010661,122560400010661,218415462010661,2007,54,17,1836,2,1,,100,,60,4,5,92,1,1,82,8,1,0,1,0,0,0,6,1,,2009-10-30 10:22:38,
218415460010661,122560400010661,218415462010661,2007,54,17,1836,3,1,,100,,85,23,3,90,0,1,95,0,0,0,1,0,0,0,3,1,,2009-10-30 10:22:38,
218415461010661,122560400010661,218415462010661,2007,54,17,1836,4,1,,100,,70,25,7,92,0,1,91,2,1,0,1,0,0,0,4,1,,2009-10-30 10:22:38,
218415588010661,122560424010661,218415592010661,2007,54,21,1777,1,1,,100,,75,13,26,71,0,1,80,11,3,0,1,0,1,0,3,1,,2009-10-30 10:22:39,
218415589010661,122560424010661,218415592010661,2007,54,21,1777,2,1,,100,,90,22,22,80,0,1,93,1,1,0,0,0,0,0,4,1,,2009-10-30 10:22:39,
218415590010661,122560424010661,218415592010661,2007,54,21,1777,3,1,,43,32,39,10,13,42,0,1,37,1,1,0,1,0,0,0,2,2,,2009-10-30 10:22:39,
218415591010661,122560424010661,218415592010661,2007,54,21,1777,4,1,,100,,83,10,18,80,0,1,93,1,1,0,0,0,0,0,4,1,,2009-10-30 10:22:39,
218415209010661,122560452010661,218415213010661,2007,54,15,1739,1,1,,100,,14,78,56,90,0,1,92,2,1,0,1,0,0,0,3,1,,2009-10-30 10:22:38,
218415210010661,122560452010661,218415213010661,2007,54,15,1739,2,1,,100,,16,45,33,90,0,1,94,0,1,0,0,0,0,0,4,1,,2009-10-30 10:22:38,
218415211010661,122560452010661,218415213010661,2007,54,15,1739,3,1,,100,,12,50,50,95,0,1,87,4,3,0,1,0,0,0,4,1,,2009-10-30 10:22:38,
218415212010661,122560452010661,218415213010661,2007,54,15,1739,4,1,,100,,6,16,32,95,0,1,89,5,1,0,1,0,0,0,3,1,,2009-10-30 10:22:38,
218415337010661,122560472010661,218415343010661,2007,54,19,361,1,1,,100,,60,25,20,97,0,1,74,7,5,0,6,0,0,0,7,1,,2009-10-30 10:22:39,
218415338010661,122560472010661,218415343010661,2007,54,19,361,2,1,,100,,54,20,35,90,0,0,86,1,3,0,1,0,0,0,9,1,,2009-10-30 10:22:39,
218415339010661,122560472010661,218415343010661,2007,54,19,361,3,1,,100,,45,20,38,90,0,1,85,0,1,0,10,0,0,0,3,1,,2009-10-30 10:22:39,
218415340010661,122560472010661,218415343010661,2007,54,19,361,4,1,,100,,85,50,8,90,0,1,87,5,1,0,2,0,0,0,4,1,,2009-10-30 10:22:39,
218416432010661,122560500010661,218416436010661,2007,54,109,379,1,1,,100,,70,26,65,70,0,1,90,1,4,0,1,0,0,0,3,1,,2009-10-30 10:22:46,
218416433010661,122560500010661,218416436010661,2007,54,109,379,2,1,,100,,20,6,25,94,0,1,74,13,4,0,5,0,0,0,3,1,,2009-10-30 10:22:46,
218416434010661,122560500010661,218416436010661,2007,54,109,379,3,1,,100,,24,25,38,63,0,1,86,1,8,0,3,0,0,0,1,1,,2009-10-30 10:22:46,
218416435010661,122560500010661,218416436010661,2007,54,109,379,4,1,,100,,65,11,12,85,0,1,86,4,1,0,5,0,0,0,3,1,,2009-10-30 10:22:46,
218416146010661,122560562010661,218416150010661,2007,54,13,1984,1,1,,100,,85,55,39,57,1,1,85,4,5,0,1,0,0,0,3,1,,2009-10-30 10:22:37,
218416147010661,122560562010661,218416150010661,2007,54,13,1984,2,1,,100,,68,40,45,90,0,1,83,4,5,0,3,0,0,0,4,1,,2009-10-30 10:22:37,
218416148010661,122560562010661,218416150010661,2007,54,13,1984,3,1,,100,,65,30,65,85,0,1,88,2,1,0,1,0,0,0,7,1,,2009-10-30 10:22:37,
218416149010661,122560562010661,218416150010661,2007,54,13,1984,4,1,,100,,85,43,70,85,0,1,90,2,2,0,1,0,0,0,4,1,,2009-10-30 10:22:37,
218416639010661,122560652010661,218416643010661,2007,54,85,240,1,1,,100,,25,30,25,99,0,1,92,1,1,0,1,0,0,1,3,1,,2009-10-30 10:22:43,
218416640010661,122560652010661,218416643010661,2007,54,85,240,2,1,,100,,15,2,10,100,0,0,93,2,1,0,1,0,0,0,3,1,,2009-10-30 10:22:43,
218416641010661,122560652010661,218416643010661,2007,54,85,240,3,1,,100,,15,13,40,95,0,1,84,4,2,0,5,0,1,1,2,1,,2009-10-30 10:22:43,
218416642010661,122560652010661,218416643010661,2007,54,85,240,4,1,,100,,60,2,12,99,0,0,97,1,1,0,0,0,0,0,1,1,,2009-10-30 10:22:43,
218416300010661,122560682010661,218416304010661,2007,54,87,275,1,1,,100,,90,35,70,80,0,1,92,2,1,0,1,0,0,0,3,1,,2009-10-30 10:22:44,
218416301010661,122560682010661,218416304010661,2007,54,87,275,2,1,,100,,90,15,40,80,0,1,92,1,1,0,2,0,0,0,3,1,,2009-10-30 10:22:44,
218416302010661,122560682010661,218416304010661,2007,54,87,275,3,1,,100,,85,8,30,70,0,1,78,1,2,12,2,0,3,0,1,1,,2009-10-30 10:22:44,
218416303010661,122560682010661,218416304010661,2007,54,87,275,4,1,,100,,70,15,79,90,0,1,94,1,1,0,1,0,0,0,2,1,,2009-10-30 10:22:44,
218415155010661,122560712010661,218415159010661,2007,54,39,2504,1,2,,,,,,,,,,,,,,,,,,,2,,2009-10-30 10:22:40,
218415156010661,122560712010661,218415159010661,2007,54,39,2504,2,2,,,,,,,,,,,,,,,,,,,2,,2009-10-30 10:22:40,
218415157010661,122560712010661,218415159010661,2007,54,39,2504,3,1,,92,32,12,43,57,90,0,1,59,5,1,0,18,0,5,1,2,1,,2009-10-30 10:22:40,
218415158010661,122560712010661,218415159010661,2007,54,39,2504,4,2,,,,,,,,,,,,,,,,,,,2,,2009-10-30 10:22:40,
218417066010661,122560808010661,218417070010661,2007,54,79,879,1,1,,100,,60,5,50,95,0,1,95,1,1,0,1,0,0,0,1,1,,2009-10-30 10:22:43,
218417067010661,122560808010661,218417070010661,2007,54,79,879,2,1,,100,,60,5,50,95,0,1,92,1,2,0,1,0,0,0,3,1,,2009-10-30 10:22:43,
218417068010661,122560808010661,218417070010661,2007,54,79,879,3,1,,100,,40,45,60,97,0,1,91,1,2,0,1,0,0,0,4,1,,2009-10-30 10:22:43,
218417069010661,122560808010661,218417070010661,2007,54,79,879,4,1,,100,,80,20,65,75,0,1,93,2,2,0,1,0,0,0,1,1,,2009-10-30 10:22:43,
218416524010661,122560862010661,218416528010661,2007,54,53,1601,1,1,,100,,40,15,75,60,0,0,96,1,1,0,0,0,0,0,2,1,,2009-10-30 10:22:42,
218416525010661,122560862010661,218416528010661,2007,54,53,1601,2,1,,100,,40,8,15,95,0,1,93,1,1,0,0,0,0,0,4,1,,2009-10-30 10:22:42,
218416526010661,122560862010661,218416528010661,2007,54,53,1601,3,1,,100,,70,20,60,55,0,1,94,1,1,0,0,0,0,0,3,1,,2009-10-30 10:22:42,
218416527010661,122560862010661,218416528010661,2007,54,53,1601,4,1,,100,,85,33,80,90,0,1,95,1,1,0,0,0,0,0,2,1,,2009-10-30 10:22:42,
218415116010661,122560886010661,218415120010661,2007,54,11,1711,1,1,,100,,65,50,90,80,0,0,93,2,1,0,1,0,0,1,2,1,,2009-10-30 10:22:37,
218415117010661,122560886010661,218415120010661,2007,54,11,1711,2,1,,100,,85,42,75,90,0,0,95,1,1,0,1,0,0,0,2,1,,2009-10-30 10:22:37,
218415118010661,122560886010661,218415120010661,2007,54,11,1711,3,1,,3,32,3,1,0,0,0,0,2,0,0,0,0,0,0,1,0,2,,2009-10-30 10:22:37,
218415119010661,122560886010661,218415120010661,2007,54,11,1711,4,1,,100,,80,100,40,3,0,0,97,0,0,0,1,0,0,1,1,1,,2009-10-30 10:22:37,
218415009010661,122560978010661,218415013010661,2007,54,109,250,1,1,,100,,80,70,90,55,0,1,84,1,6,0,2,0,0,0,6,1,,2009-10-30 10:22:46,
218415010010661,122560978010661,218415013010661,2007,54,109,250,2,1,,100,,90,65,60,30,0,1,88,7,1,0,1,0,0,0,2,1,,2009-10-30 10:22:46,
218415011010661,122560978010661,218415013010661,2007,54,109,250,3,1,,100,,90,55,70,87,0,1,85,1,7,0,1,0,0,0,5,1,,2009-10-30 10:22:46,
218415012010661,122560978010661,218415013010661,2007,54,109,250,4,1,,100,,65,20,80,90,0,1,77,11,2,0,4,0,0,0,5,1,,2009-10-30 10:22:46,
218417400010661,122560278010661,218417404010661,2007,54,49,1524,1,1,,79,32,79,55,65,0,0,0,77,1,0,0,0,0,0,0,1,1,,2009-10-30 10:22:41,
218416859010661,122561056010661,218416862010661,2007,54,45,284,2,1,,100,,75,22,20,88,0,1,86,7,1,0,1,0,0,0,4,1,,2009-10-30 10:22:40,
218416860010661,122561056010661,218416862010661,2007,54,45,284,3,1,,100,,70,20,11,92,0,1,85,8,2,0,1,0,0,0,3,1,,2009-10-30 10:22:40,
218416861010661,122561056010661,218416862010661,2007,54,45,284,4,1,,100,,58,19,16,92,0,1,78,12,2,0,2,0,0,0,5,1,,2009-10-30 10:22:40,
218416948010661,122561064010661,218416952010661,2007,54,51,785,1,1,,100,,60,9,27,90,0,1,92,1,1,0,1,0,0,0,4,1,,2009-10-30 10:22:41,
218416949010661,122561064010661,218416952010661,2007,54,51,785,2,1,,100,,100,1,19,85,0,0,99,0,0,0,0,0,0,0,1,1,,2009-10-30 10:22:41,
218416950010661,122561064010661,218416952010661,2007,54,51,785,3,1,,100,,97,77,6,90,0,1,93,0,1,0,1,0,0,0,4,1,,2009-10-30 10:22:41,
218416951010661,122561064010661,218416952010661,2007,54,51,785,4,1,,23,11,23,3,6,4,0,1,21,0,0,0,0,0,0,0,1,2,,2009-10-30 10:22:41,
218445378010661,171000245010661,218445431010661,2008,54,1,2226,1,1,,100,,90,8,70,92,0,1,89,3,2,0,1,0,1,0,3,1,,2009-10-30 10:22:47,
218445379010661,171000245010661,218445431010661,2008,54,1,2226,2,1,,100,,55,70,71,98,0,1,87,0,7,0,1,0,0,0,4,1,,2009-10-30 10:22:47,
218445380010661,171000245010661,218445431010661,2008,54,1,2226,3,1,,100,,85,12,34,99,0,0,74,0,25,0,1,0,0,0,0,1,,2009-10-30 10:22:47,
218445381010661,171000245010661,218445431010661,2008,54,1,2226,4,1,,100,,85,50,40,50,0,0,94,0,0,0,1,0,0,0,5,1,,2009-10-30 10:22:47,
218445824010661,171000270010661,218445828010661,2008,54,7,1131,1,1,,100,,55,1,7,95,0,1,97,0,1,0,0,0,0,0,1,1,,2009-10-30 10:22:47,
218445825010661,171000270010661,218445828010661,2008,54,7,1131,2,1,,100,,66,3,0,95,0,1,77,0,1,0,0,0,20,0,1,1,,2009-10-30 10:22:47,
218445826010661,171000270010661,218445828010661,2008,54,7,1131,3,1,,100,,50,3,5,95,0,1,91,1,4,0,1,0,0,0,2,1,,2009-10-30 10:22:47,
218445827010661,171000270010661,218445828010661,2008,54,7,1131,4,1,,100,,80,25,13,75,0,3,64,1,1,0,1,0,0,0,30,1,,2009-10-30 10:22:47,
218445571010661,171000314010661,218445620010661,2008,54,25,286,1,1,,100,,40,3,20,98,0,1,92,0,2,0,2,0,0,0,3,1,,2009-10-30 10:22:48,
218445572010661,171000314010661,218445620010661,2008,54,25,286,2,1,,100,,85,50,60,75,0,1,91,1,2,0,0,0,4,0,1,1,,2009-10-30 10:22:48,
218445573010661,171000314010661,218445620010661,2008,54,25,286,3,1,,100,,85,5,20,98,0,1,94,0,2,0,1,0,0,0,2,1,,2009-10-30 10:22:48,
218445574010661,171000314010661,218445620010661,2008,54,25,286,4,1,,100,,35,10,33,98,0,3,79,1,12,0,2,0,0,0,3,1,,2009-10-30 10:22:48,
218444938010661,171000326010661,218444942010661,2008,54,27,188,1,1,,100,,40,8,60,25,0,1,95,0,1,0,1,0,0,0,2,1,,2009-10-30 10:22:49,
218444939010661,171000326010661,218444942010661,2008,54,27,188,2,1,,100,,7,4,55,95,0,1,94,1,1,0,1,0,0,0,2,1,,2009-10-30 10:22:49,
218444940010661,171000326010661,218444942010661,2008,54,27,188,3,1,,100,,8,10,40,97,0,1,85,1,1,0,5,0,0,0,7,1,,2009-10-30 10:22:49,
218444941010661,171000326010661,218444942010661,2008,54,27,188,4,1,,100,,90,40,62,80,0,0,95,1,0,0,1,0,0,0,3,1,,2009-10-30 10:22:49,
218445084010661,171000334010661,218445088010661,2008,54,27,1658,1,1,,100,,47,2,33,85,0,1,93,1,1,0,1,0,0,0,3,1,,2009-10-30 10:22:49,
218445085010661,171000334010661,218445088010661,2008,54,27,1658,2,1,,100,,40,15,31,80,0,1,93,0,1,0,0,0,0,0,5,1,,2009-10-30 10:22:49,
218445086010661,171000334010661,218445088010661,2008,54,27,1658,3,1,,100,,30,5,40,85,0,1,77,1,1,0,0,0,0,0,20,1,,2009-10-30 10:22:49,
218445087010661,171000334010661,218445088010661,2008,54,27,1658,4,1,,100,,35,35,60,87,0,1,88,0,1,0,0,0,0,0,10,1,,2009-10-30 10:22:49,
218444989010661,171000341010661,218444993010661,2008,54,31,608,1,1,,100,,70,30,60,70,0,1,92,1,1,0,1,0,0,0,4,1,,2009-10-30 10:22:50,
218444990010661,171000341010661,218444993010661,2008,54,31,608,2,1,,100,,60,20,30,45,0,1,85,0,5,0,1,0,0,0,8,1,,2009-10-30 10:22:50,
218444991010661,171000341010661,218444993010661,2008,54,31,608,3,1,,100,,20,10,84,90,0,1,80,0,6,0,3,0,0,0,10,1,,2009-10-30 10:22:50,
218444992010661,171000341010661,218444993010661,2008,54,31,608,4,1,,100,,50,3,26,94,0,1,93,0,1,0,1,0,0,0,4,1,,2009-10-30 10:22:50,
218446766010661,171000359010661,218446770010661,2008,54,35,893,1,1,,100,,45,60,60,50,0,0,90,2,3,0,1,0,0,0,4,1,,2009-10-30 10:22:50,
218446767010661,171000359010661,218446770010661,2008,54,35,893,2,1,,100,,40,35,85,75,0,0,94,2,2,0,0,0,0,0,2,1,,2009-10-30 10:22:50,
218446768010661,171000359010661,218446770010661,2008,54,35,893,3,1,,100,,50,35,95,10,0,0,79,4,15,0,1,0,0,0,1,1,,2009-10-30 10:22:50,
218446769010661,171000359010661,218446770010661,2008,54,35,893,4,1,,100,,70,50,40,20,0,1,87,2,1,5,1,0,0,0,3,1,,2009-10-30 10:22:50,
218445176010661,171000614010661,218445178010661,2008,54,83,214,3,1,,100,,75,35,25,87,0,1,94,0,2,0,1,0,0,0,2,1,,2009-10-30 10:22:52,
218445177010661,171000614010661,218445178010661,2008,54,83,214,4,1,,100,,75,8,45,90,0,1,91,1,2,0,1,0,0,0,4,1,,2009-10-30 10:22:52,
218445141010661,171000619010661,218445145010661,2008,54,93,218,1,1,,100,,75,65,60,99,0,0,57,0,40,0,1,0,0,0,2,1,,2009-10-30 10:22:53,
218445142010661,171000619010661,218445145010661,2008,54,93,218,2,1,,100,,85,73,64,90,0,0,26,0,70,0,1,0,0,0,3,1,,2009-10-30 10:22:53,
218445143010661,171000619010661,218445145010661,2008,54,93,218,3,1,,100,,95,2,62,85,0,1,5,0,90,0,1,0,0,0,3,1,,2009-10-30 10:22:53,
218445144010661,171000619010661,218445145010661,2008,54,93,218,4,1,,100,,95,45,80,99,0,1,76,0,15,0,5,0,1,0,2,1,,2009-10-30 10:22:53,
218445464010661,171000624010661,218445468010661,2008,54,101,1753,1,1,,100,,23,8,70,96,0,1,66,1,25,0,1,0,0,0,6,1,,2009-10-30 10:22:53,
218445465010661,171000624010661,218445468010661,2008,54,101,1753,2,1,,100,,85,25,69,97,0,1,89,1,5,0,1,0,0,0,3,1,,2009-10-30 10:22:53,
218445466010661,171000624010661,218445468010661,2008,54,101,1753,3,1,,100,,60,35,45,92,0,1,81,0,13,0,0,0,0,0,5,1,,2009-10-30 10:22:53,
218445467010661,171000624010661,218445468010661,2008,54,101,1753,4,1,,100,,65,20,35,96,0,1,85,0,10,0,1,0,0,0,3,1,,2009-10-30 10:22:53,
218445914010661,171001051010661,218445918010661,2008,54,15,1484,1,1,,100,,55,35,34,85,0,1,88,1,2,0,1,0,0,0,7,1,,2009-10-30 10:22:48,
218445915010661,171001051010661,218445918010661,2008,54,15,1484,2,1,,100,,2,2,21,95,0,1,94,2,1,0,1,0,0,0,1,1,,2009-10-30 10:22:48,
218445916010661,171001051010661,218445918010661,2008,54,15,1484,3,3,3,,,,,,,,,,,,,,,,,,3,3,2009-10-30 10:22:48,
218445917010661,171001051010661,218445918010661,2008,54,15,1484,4,1,,100,,35,5,40,95,0,1,94,0,1,0,0,0,0,0,4,1,,2009-10-30 10:22:48,
218446412010661,171001056010661,218446490010661,2008,54,29,2007,1,1,,100,,87,40,80,95,0,1,94,1,2,0,1,0,0,0,1,1,,2009-10-30 10:22:49,
218446413010661,171001056010661,218446490010661,2008,54,29,2007,2,1,,100,,86,20,67,95,0,1,90,3,1,0,1,0,0,0,4,1,,2009-10-30 10:22:49,
218446414010661,171001056010661,218446490010661,2008,54,29,2007,3,1,,100,,85,10,90,99,0,1,82,10,1,0,1,0,0,0,5,1,,2009-10-30 10:22:49,
218446415010661,171001056010661,218446490010661,2008,54,29,2007,4,1,,100,,90,60,84,45,0,0,76,17,1,1,2,0,0,0,3,1,,2009-10-30 10:22:49,
236066174010661,145007489010661,236066177010661,2009,54,25,2197,2,1,,100,,65,22,50,95,0,1,80,15,1,0,1,0,0,0,2,1,,2010-11-05 10:21:16,
236066175010661,145007489010661,236066177010661,2009,54,25,2197,3,1,,100,,55,38,29,85,0,1,94,1,1,0,1,0,0,0,2,1,,2010-11-05 10:21:16,
236066176010661,145007489010661,236066177010661,2009,54,25,2197,4,1,,100,,35,50,75,90,0,1,95,1,1,0,0,0,0,0,2,1,,2010-11-05 10:21:16,
236067430010661,145007503010661,236067434010661,2009,54,55,2278,1,1,,100,,85,65,20,90,0,1,79,1,15,0,1,0,0,0,3,1,,2010-11-05 10:21:20,
236067431010661,145007503010661,236067434010661,2009,54,55,2278,2,1,,100,,65,60,50,85,1,1,89,1,1,0,1,0,0,0,6,1,,2010-11-05 10:21:20,
236067432010661,145007503010661,236067434010661,2009,54,55,2278,3,1,,100,,70,70,35,85,0,1,83,8,3,0,1,0,0,0,4,1,,2010-11-05 10:21:20,
236067433010661,145007503010661,236067434010661,2009,54,55,2278,4,1,,100,,70,30,6,85,0,1,69,6,20,0,2,0,0,0,2,1,,2010-11-05 10:21:20,
236063909010661,145007553010661,236063913010661,2009,54,7,1744,1,1,,100,32,80,45,60,70,0,1,89,3,3,0,1,0,0,0,3,1,,2010-11-05 10:21:13,
236063910010661,145007553010661,236063913010661,2009,54,7,1744,2,1,,100,,80,27,50,70,0,1,89,5,2,0,1,0,0,0,2,1,,2010-11-05 10:21:13,
236063911010661,145007553010661,236063913010661,2009,54,7,1744,3,1,,100,,55,35,50,90,0,1,83,6,2,0,5,0,0,0,3,1,,2010-11-05 10:21:13,
236063912010661,145007553010661,236063913010661,2009,54,7,1744,4,1,,100,,80,60,70,75,0,1,56,7,2,30,1,0,0,0,3,1,,2010-11-05 10:21:13,
236067219010661,145007619010661,236067223010661,2009,54,55,961,1,1,,100,,60,65,35,90,0,1,81,3,3,0,4,0,4,0,4,1,,2010-11-05 10:21:19,
236067220010661,145007619010661,236067223010661,2009,54,55,961,2,1,,100,,60,75,70,33,0,1,81,2,1,4,1,0,0,0,10,1,,2010-11-05 10:21:19,
236067221010661,145007619010661,236067223010661,2009,54,55,961,3,1,,100,,85,85,40,35,0,1,76,3,5,0,3,0,10,0,2,1,,2010-11-05 10:21:19,
236067222010661,145007619010661,236067223010661,2009,54,55,961,4,1,,100,,85,75,75,90,0,1,92,2,2,0,1,0,0,0,2,1,,2010-11-05 10:21:19,
236068515010661,145007655010661,236068519010661,2009,54,17,1054,1,1,,100,,35,70,45,90,0,1,93,1,1,0,1,0,0,0,3,1,,2010-11-05 10:21:15,
236068516010661,145007655010661,236068519010661,2009,54,17,1054,2,1,,100,,65,9,25,90,0,1,93,3,1,0,1,0,0,0,1,1,,2010-11-05 10:21:15,
236068517010661,145007655010661,236068519010661,2009,54,17,1054,3,1,,100,,16,6,12,92,0,1,95,1,1,0,0,0,0,0,2,1,,2010-11-05 10:21:15,
236068518010661,145007655010661,236068519010661,2009,54,17,1054,4,1,,100,,95,60,13,95,0,1,92,1,1,0,1,0,0,0,4,1,,2010-11-05 10:21:15,
236064103010661,145007681010661,236064107010661,2009,54,7,1499,1,1,,100,,95,90,8,0,0,0,99,0,0,0,0,0,0,0,1,1,,2010-11-05 10:21:14,
236064104010661,145007681010661,236064107010661,2009,54,7,1499,2,1,,100,,80,50,45,75,0,1,94,2,1,0,0,0,0,0,2,1,,2010-11-05 10:21:14,
218444850010661,171000366010661,218444852010661,2008,54,37,222,3,1,,100,,40,1,3,51,0,1,97,0,1,0,0,0,0,0,1,1,,2009-10-30 10:22:50,
218444851010661,171000366010661,218444852010661,2008,54,37,222,4,2,,,,,,,,,,,,,,,,,,,2,,2009-10-30 10:22:50,
218446670010661,171000381010661,218446698010661,2008,54,39,1428,1,2,,,,,,,,,,,,,,,,,,,2,,2009-10-30 10:22:51,
218446671010661,171000381010661,218446698010661,2008,54,39,1428,2,2,,,,,,,,,,,,,,,,,,,2,,2009-10-30 10:22:51,
218446672010661,171000381010661,218446698010661,2008,54,39,1428,3,2,,,,,,,,,,,,,,,,,,,2,,2009-10-30 10:22:51,
218446673010661,171000381010661,218446698010661,2008,54,39,1428,4,1,,82,40,80,68,70,67,0,0,78,1,0,0,0,0,0,1,2,1,,2009-10-30 10:22:51,
218445719010661,171000473010661,218445723010661,2008,54,67,1365,1,1,,100,,65,10,3,13,0,1,75,2,1,0,8,0,0,0,13,1,,2009-10-30 10:22:51,
218445720010661,171000473010661,218445723010661,2008,54,67,1365,2,1,,100,,80,11,0,0,0,2,77,2,1,0,2,0,0,0,16,1,,2009-10-30 10:22:51,
218445721010661,171000473010661,218445723010661,2008,54,67,1365,3,1,,100,,80,2,3,11,1,1,76,5,1,0,1,0,0,0,15,1,,2009-10-30 10:22:51,
218445722010661,171000473010661,218445723010661,2008,54,67,1365,4,1,,100,,55,13,85,85,0,1,83,1,5,0,1,1,4,0,4,1,,2009-10-30 10:22:51,
218446075010661,171000476010661,218446079010661,2008,54,69,354,1,1,,100,,96,98,95,35,0,0,97,0,2,0,0,0,0,0,1,1,,2009-10-30 10:22:52,
218446076010661,171000476010661,218446079010661,2008,54,69,354,2,1,,100,,85,90,90,85,0,0,96,1,1,0,0,0,0,0,2,1,,2009-10-30 10:22:52,
218446077010661,171000476010661,218446079010661,2008,54,69,354,3,1,,100,,99,95,71,75,0,0,95,1,1,0,0,0,0,0,3,1,,2009-10-30 10:22:52,
218446078010661,171000476010661,218446079010661,2008,54,69,354,4,2,,,,,,,,,,,,,,,,,,,2,,2009-10-30 10:22:52,
218445257010661,171000487010661,218445293010661,2008,54,75,1110,1,1,,100,,35,6,51,98,0,2,88,1,3,0,2,0,0,0,4,1,,2009-10-30 10:22:52,
218445258010661,171000487010661,218445293010661,2008,54,75,1110,2,1,,100,,94,15,50,93,0,1,85,0,3,0,7,0,0,0,4,1,,2009-10-30 10:22:52,
218445259010661,171000487010661,218445293010661,2008,54,75,1110,3,1,,100,,92,20,12,99,0,1,94,1,1,0,1,0,0,0,2,1,,2009-10-30 10:22:52,
218445260010661,171000487010661,218445293010661,2008,54,75,1110,4,1,,100,,86,30,49,94,0,1,91,1,1,0,2,0,0,0,4,1,,2009-10-30 10:22:52,
218446161010661,171000537010661,218446199010661,2008,54,87,744,1,1,,100,,75,65,39,30,0,1,84,1,1,0,2,0,0,0,11,1,,2009-10-30 10:22:52,
218446162010661,171000537010661,218446199010661,2008,54,87,744,2,1,,100,,85,35,70,92,0,1,90,1,1,1,1,0,0,0,5,1,,2009-10-30 10:22:52,
218446163010661,171000537010661,218446199010661,2008,54,87,744,3,1,,100,,35,4,40,95,0,1,93,1,1,0,1,0,0,0,3,1,,2009-10-30 10:22:52,
236064105010661,145007681010661,236064107010661,2009,54,7,1499,3,1,,100,,90,60,32,29,0,1,97,1,0,0,0,0,0,0,1,1,,2010-11-05 10:21:14,
236064106010661,145007681010661,236064107010661,2009,54,7,1499,4,1,,100,,95,80,30,42,0,1,97,1,0,0,0,0,0,0,1,1,,2010-11-05 10:21:14,
236067850010661,145007703010661,236067854010661,2009,54,67,2152,1,1,,100,,60,30,50,90,0,1,65,2,4,0,10,0,15,0,3,1,,2010-11-05 10:21:21,
236067851010661,145007703010661,236067854010661,2009,54,67,2152,2,1,,100,,80,35,33,90,0,1,77,10,5,0,3,0,2,0,2,1,,2010-11-05 10:21:21,
236067852010661,145007703010661,236067854010661,2009,54,67,2152,3,1,,100,,30,40,55,95,0,1,59,20,15,0,2,0,0,0,3,1,,2010-11-05 10:21:21,
236067853010661,145007703010661,236067854010661,2009,54,67,2152,4,1,,100,,80,60,35,95,0,1,84,5,5,0,1,0,0,0,4,1,,2010-11-05 10:21:21,
236068087010661,145007725010661,236068091010661,2009,54,81,1027,1,1,,100,,30,25,45,75,0,0,30,60,1,0,0,0,2,0,7,1,,2010-11-05 10:21:23,
236068088010661,145007725010661,236068091010661,2009,54,81,1027,2,1,,100,,35,40,75,100,0,1,94,0,1,0,0,0,0,0,4,1,,2010-11-05 10:21:23,
236068089010661,145007725010661,236068091010661,2009,54,81,1027,3,1,,100,,85,45,30,85,0,1,78,2,4,12,0,0,0,0,3,1,,2010-11-05 10:21:23,
236068090010661,145007725010661,236068091010661,2009,54,81,1027,4,1,,100,,70,60,35,90,0,1,93,1,1,0,0,0,0,0,4,1,,2010-11-05 10:21:23,
236066993010661,145007747010661,236066997010661,2009,54,47,437,1,1,,100,,30,20,20,90,0,1,77,10,6,0,2,0,0,0,4,1,,2010-11-05 10:21:19,
236066994010661,145007747010661,236066997010661,2009,54,47,437,2,1,,100,,55,20,25,90,0,1,94,1,1,0,0,0,0,0,3,1,,2010-11-05 10:21:19,
236066995010661,145007747010661,236066997010661,2009,54,47,437,3,1,,100,,45,16,24,90,0,2,79,6,4,0,4,0,0,0,5,1,,2010-11-05 10:21:19,
236066996010661,145007747010661,236066997010661,2009,54,47,437,4,1,,100,,20,10,25,92,0,1,87,6,1,0,2,0,0,0,3,1,,2010-11-05 10:21:19,
236069118010661,145007763010661,236069122010661,2009,54,103,380,1,1,,100,,70,70,70,85,0,1,86,3,4,0,1,0,0,0,5,1,,2010-11-05 10:21:25,
236069119010661,145007763010661,236069122010661,2009,54,103,380,2,1,,100,,65,50,60,90,0,1,83,6,3,1,3,0,0,0,3,1,,2010-11-05 10:21:25,
236069120010661,145007763010661,236069122010661,2009,54,103,380,3,1,,100,,85,75,40,90,0,1,91,1,3,0,3,0,0,0,1,1,,2010-11-05 10:21:25,
236069121010661,145007763010661,236069122010661,2009,54,103,380,4,1,,100,,80,30,42,90,0,1,70,1,1,25,0,0,0,0,2,1,,2010-11-05 10:21:25,
236066368010661,145007811010661,236066372010661,2009,54,39,1369,1,1,,100,,35,15,27,100,0,1,76,6,1,0,1,0,0,0,15,1,,2010-11-05 10:21:17,
236066369010661,145007811010661,236066372010661,2009,54,39,1369,2,1,,100,,75,35,26,95,0,1,75,6,3,0,2,0,7,0,6,1,,2010-11-05 10:21:17,
236066370010661,145007811010661,236066372010661,2009,54,39,1369,3,1,,100,,60,40,35,95,0,2,82,2,4,0,6,0,0,0,4,1,,2010-11-05 10:21:17,
236066371010661,145007811010661,236066372010661,2009,54,39,1369,4,1,,100,,60,40,26,90,0,1,90,3,1,0,1,0,0,0,4,1,,2010-11-05 10:21:17,
236069486010661,145007857010661,236069490010661,2009,54,105,1773,1,1,,68,32,25,18,30,68,0,1,59,3,1,0,2,0,0,0,2,1,,2010-11-05 10:21:26,
236069487010661,145007857010661,236069490010661,2009,54,105,1773,2,1,,100,,40,10,43,90,0,1,75,13,4,0,4,0,0,0,3,1,,2010-11-05 10:21:26,
236069488010661,145007857010661,236069490010661,2009,54,105,1773,3,2,,,,,,,,,,,,,,,,,,,2,,2010-11-05 10:21:26,
236069489010661,145007857010661,236069490010661,2009,54,105,1773,4,1,,10,32,1,2,4,10,0,1,0,1,1,0,3,0,4,0,0,2,,2010-11-05 10:21:26,
236066587010661,145007883010661,236066591010661,2009,54,39,649,1,1,,100,,50,11,18,90,0,1,87,3,1,0,1,0,0,0,7,1,,2010-11-05 10:21:18,
236066588010661,145007883010661,236066591010661,2009,54,39,649,2,1,,100,,70,14,50,90,0,1,84,4,2,0,1,0,0,0,8,1,,2010-11-05 10:21:18,
236066589010661,145007883010661,236066591010661,2009,54,39,649,3,1,,100,,50,16,14,90,0,1,66,15,2,0,4,0,4,0,8,1,,2010-11-05 10:21:18,
236066590010661,145007883010661,236066591010661,2009,54,39,649,4,1,,100,,50,40,23,80,0,1,87,5,1,0,1,0,0,0,5,1,,2010-11-05 10:21:18,
236066819010661,145007927010661,236066823010661,2009,54,45,534,1,1,,100,,70,60,50,95,0,1,90,2,2,0,2,0,0,0,3,1,,2010-11-05 10:21:18,
236066820010661,145007927010661,236066823010661,2009,54,45,534,2,1,,100,,100,100,25,40,1,1,73,3,1,0,1,0,0,0,20,1,,2010-11-05 10:21:18,
236066821010661,145007927010661,236066823010661,2009,54,45,534,3,1,,100,,75,65,25,95,0,1,78,3,6,0,7,0,0,0,5,1,,2010-11-05 10:21:18,
236066822010661,145007927010661,236066823010661,2009,54,45,534,4,1,,100,,76,40,37,45,0,1,86,5,1,0,5,0,0,0,2,1,,2010-11-05 10:21:18,
236069715010661,145007939010661,236069719010661,2009,54,107,1633,1,1,,100,,50,30,39,95,0,1,93,1,1,0,1,0,0,0,3,1,,2010-11-05 10:21:26,
236069716010661,145007939010661,236069719010661,2009,54,107,1633,2,1,,100,,50,40,30,90,0,1,94,2,1,0,0,0,0,0,2,1,,2010-11-05 10:21:26,
236069717010661,145007939010661,236069719010661,2009,54,107,1633,3,1,,100,,20,7,30,95,0,1,94,1,1,0,0,0,0,0,3,1,,2010-11-05 10:21:26,
236069718010661,145007939010661,236069719010661,2009,54,107,1633,4,1,,100,,95,60,22,85,0,1,95,1,1,0,0,0,0,0,2,1,,2010-11-05 10:21:26,
236068328010661,145007991010661,236068332010661,2009,54,11,797,1,1,,100,,90,80,60,40,0,1,94,1,1,0,1,0,0,1,1,1,,2010-11-05 10:21:15,
236068329010661,145007991010661,236068332010661,2009,54,11,797,2,1,,100,,80,20,40,90,0,1,89,2,3,0,1,0,0,1,3,1,,2010-11-05 10:21:15,
218446844010661,171001062010661,218446878010661,2008,54,43,794,1,1,,100,,90,11,27,95,0,1,89,1,2,3,1,0,0,0,3,1,,2009-10-30 10:22:51,
218446845010661,171001062010661,218446878010661,2008,54,43,794,2,1,,100,,70,20,75,88,0,0,93,1,1,3,0,0,0,0,2,1,,2009-10-30 10:22:51,
218446846010661,171001062010661,218446878010661,2008,54,43,794,3,1,,100,,45,50,70,67,0,1,88,1,2,0,2,0,0,0,6,1,,2009-10-30 10:22:51,
218446847010661,171001062010661,218446878010661,2008,54,43,794,4,1,,100,,92,30,40,90,0,0,91,1,3,0,1,0,0,0,4,1,,2009-10-30 10:22:51,
218446262010661,171001139010661,218446301010661,2008,54,47,1914,1,2,,,,,,,,,,,,,,,,,,,2,,2009-10-30 10:22:51,
218446263010661,171001139010661,218446301010661,2008,54,47,1914,2,2,,,,,,,,,,,,,,,,,,,2,,2009-10-30 10:22:51,
218446264010661,171001139010661,218446301010661,2008,54,47,1914,3,1,,91,32,61,32,68,91,0,1,31,0,55,0,2,0,0,0,2,1,,2009-10-30 10:22:51,
218446265010661,171001139010661,218446301010661,2008,54,47,1914,4,1,,100,,55,95,95,100,0,1,94,1,1,0,1,0,0,0,2,1,,2009-10-30 10:22:51,
218446976010661,171001223010661,218446980010661,2008,54,19,442,1,1,,100,,50,18,65,95,0,1,95,0,1,0,0,0,0,0,3,1,,2009-10-30 10:22:48,
218446977010661,171001223010661,218446980010661,2008,54,19,442,2,1,,100,,60,50,62,95,0,1,96,0,1,0,0,0,0,0,2,1,,2009-10-30 10:22:48,
218446978010661,171001223010661,218446980010661,2008,54,19,442,3,1,,100,,75,15,20,83,0,1,97,0,1,0,0,0,0,0,1,1,,2009-10-30 10:22:48,
218446979010661,171001223010661,218446980010661,2008,54,19,442,4,1,,100,,80,30,24,85,0,1,95,0,1,0,0,0,0,0,3,1,,2009-10-30 10:22:48,
236063676010661,145007169010661,236063680010661,2009,54,3,610,1,2,,,,,,,,,,,,,,,,,,,2,,2010-11-05 10:21:13,
236063677010661,145007169010661,236063680010661,2009,54,3,610,2,2,,,,,,,,,,,,,,,,,,,2,,2010-11-05 10:21:13,
236063678010661,145007169010661,236063680010661,2009,54,3,610,3,2,,,,,,,,,,,,,,,,,,,2,,2010-11-05 10:21:13,
236063679010661,145007169010661,236063680010661,2009,54,3,610,4,1,,23,10,8,10,15,23,0,1,4,8,0,0,1,0,8,0,1,2,,2010-11-05 10:21:13,
236064645010661,145007171010661,236064649010661,2009,54,65,623,1,1,,85,32,25,25,23,85,0,1,78,1,1,0,1,0,0,1,2,1,,2010-11-05 10:21:21,
236064646010661,145007171010661,236064649010661,2009,54,65,623,2,1,,100,,90,50,42,90,0,1,95,1,0,0,0,0,0,0,3,1,,2010-11-05 10:21:21,
236064647010661,145007171010661,236064649010661,2009,54,65,623,3,1,,100,,25,45,40,90,0,1,79,8,7,0,1,0,0,0,4,1,,2010-11-05 10:21:21,
236064648010661,145007171010661,236064649010661,2009,54,65,623,4,1,,100,,70,35,22,90,0,1,92,1,3,0,1,0,0,0,2,1,,2010-11-05 10:21:21,
236064430010661,145007189010661,236064434010661,2009,54,31,598,1,1,,100,,45,15,25,90,0,1,91,2,2,0,1,0,0,0,3,1,,2010-11-05 10:21:17,
236064431010661,145007189010661,236064434010661,2009,54,31,598,2,1,,100,,20,15,35,90,0,1,87,3,3,0,1,0,2,0,3,1,,2010-11-05 10:21:17,
236064433010661,145007189010661,236064434010661,2009,54,31,598,4,1,,100,,15,35,28,100,0,1,91,1,1,0,1,0,0,0,5,1,,2010-11-05 10:21:17,
236064432010661,145007189010661,236064434010661,2009,54,31,598,3,1,,100,,25,40,40,90,0,1,80,12,4,0,1,0,0,0,2,1,,2010-11-05 10:21:17,
236064266010661,145007229010661,236064270010661,2009,54,31,2183,1,1,,100,,1,2,12,95,0,1,93,2,1,0,1,0,0,0,2,1,,2010-11-05 10:21:17,
236064267010661,145007229010661,236064270010661,2009,54,31,2183,2,1,,100,,70,15,22,90,0,2,59,12,15,6,3,0,0,0,3,1,,2010-11-05 10:21:17,
236064268010661,145007229010661,236064270010661,2009,54,31,2183,3,1,,100,,20,21,14,100,0,1,92,2,0,0,1,0,0,0,4,1,,2010-11-05 10:21:17,
218444848010661,171000366010661,218444852010661,2008,54,37,222,1,2,,,,,,,,,,,,,,,,,,,2,,2009-10-30 10:22:50,
218444849010661,171000366010661,218444852010661,2008,54,37,222,2,2,,,,,,,,,,,,,,,,,,,2,,2009-10-30 10:22:50,
218416858010661,122561056010661,218416862010661,2007,54,45,284,1,1,,100,,70,48,16,93,0,1,86,4,4,0,3,0,0,0,2,1,,2009-10-30 10:22:40,
218415996010661,122559864010661,218415999010661,2007,54,71,525,2,1,,100,,53,21,29,60,1,4,79,2,3,0,8,0,0,0,3,1,,2009-10-30 10:22:42,
218415997010661,122559864010661,218415999010661,2007,54,71,525,3,1,,100,,25,10,22,65,0,1,84,5,3,0,4,0,0,0,3,1,,2009-10-30 10:22:42,
218415998010661,122559864010661,218415999010661,2007,54,71,525,4,1,,100,,16,8,35,30,2,6,65,7,4,0,12,0,0,0,4,1,,2009-10-30 10:22:42,
218417185010661,122559922010661,218417189010661,2007,54,93,857,1,1,,100,,85,10,20,92,0,1,78,0,14,0,3,1,0,0,3,1,,2009-10-30 10:22:45,
218417186010661,122559922010661,218417189010661,2007,54,93,857,2,1,,100,,70,60,22,80,0,1,84,0,8,0,3,0,0,0,4,1,,2009-10-30 10:22:45,
218417187010661,122559922010661,218417189010661,2007,54,93,857,3,1,,100,,64,12,25,90,0,1,88,1,3,0,1,1,0,0,5,1,,2009-10-30 10:22:45,
218417188010661,122559922010661,218417189010661,2007,54,93,857,4,1,,100,,90,90,60,50,1,1,92,0,2,0,0,0,0,0,4,1,,2009-10-30 10:22:45,
218415934010661,122559940010661,218415938010661,2007,54,75,2500,1,1,,100,,85,75,30,85,0,1,95,0,1,0,0,0,0,0,3,1,,2009-10-30 10:22:42,
218415935010661,122559940010661,218415938010661,2007,54,75,2500,2,1,,100,,93,85,13,65,0,1,90,0,2,0,0,0,0,0,7,1,,2009-10-30 10:22:42,
218415936010661,122559940010661,218415938010661,2007,54,75,2500,3,1,,100,,47,19,39,80,0,1,96,0,1,0,0,0,0,0,2,1,,2009-10-30 10:22:42,
218415937010661,122559940010661,218415938010661,2007,54,75,2500,4,1,,100,,65,56,20,60,0,1,93,0,1,0,1,0,0,0,4,1,,2009-10-30 10:22:42,
218417144010661,122560048010661,218417148010661,2007,54,83,112,1,1,,100,,75,70,13,0,0,0,69,5,1,20,2,1,0,0,2,1,,2009-10-30 10:22:43,
218417145010661,122560048010661,218417148010661,2007,54,83,112,2,1,,100,,88,55,14,2,0,0,70,4,0,20,3,0,2,0,1,1,,2009-10-30 10:22:43,
218417146010661,122560048010661,218417148010661,2007,54,83,112,3,1,,100,,95,75,60,0,0,1,92,0,1,0,1,0,0,0,5,1,,2009-10-30 10:22:43,
218417147010661,122560048010661,218417148010661,2007,54,83,112,4,3,3,,,,,,,,,,,,,,,,,,3,3,2009-10-30 10:22:43,
218415786010661,122560160010661,218415790010661,2007,54,97,2408,1,1,,19,30,19,13,5,0,0,1,0,14,1,0,1,0,0,1,1,2,,2009-10-30 10:22:45,
218415787010661,122560160010661,218415790010661,2007,54,97,2408,2,1,,4,30,4,2,1,2,0,0,4,0,0,0,0,0,0,0,0,2,,2009-10-30 10:22:45,
218415788010661,122560160010661,218415790010661,2007,54,97,2408,3,1,,100,,25,30,85,45,0,1,93,1,1,0,1,0,0,0,3,1,,2009-10-30 10:22:45,
218415789010661,122560160010661,218415790010661,2007,54,97,2408,4,1,,100,,17,10,55,75,0,1,75,0,11,0,8,0,0,1,4,1,,2009-10-30 10:22:45,
218415877010661,122560194010661,218415881010661,2007,54,101,696,1,1,,100,,38,15,29,85,0,1,66,18,9,0,1,0,0,1,4,1,,2009-10-30 10:22:45,
218415878010661,122560194010661,218415881010661,2007,54,101,696,2,1,,100,,30,26,25,90,0,1,73,13,5,0,1,0,0,1,6,1,,2009-10-30 10:22:45,
218415879010661,122560194010661,218415881010661,2007,54,101,696,3,1,,100,,35,35,31,30,0,1,72,19,3,0,2,0,0,0,3,1,,2009-10-30 10:22:45,
218415880010661,122560194010661,218415881010661,2007,54,101,696,4,2,,,,,,,,,,,,,,,,,,,2,,2009-10-30 10:22:45,
218417275010661,122560220010661,218417279010661,2007,54,25,677,1,1,,100,,13,27,29,90,0,0,94,2,1,0,1,0,0,0,2,1,,2009-10-30 10:22:40,
218417276010661,122560220010661,218417279010661,2007,54,25,677,2,1,,55,32,45,14,18,45,0,0,43,0,1,0,1,0,0,7,3,1,,2009-10-30 10:22:40,
218417277010661,122560220010661,218417279010661,2007,54,25,677,3,1,,100,,20,35,30,95,0,1,92,1,2,0,0,0,0,0,4,1,,2009-10-30 10:22:40,
218417278010661,122560220010661,218417279010661,2007,54,25,677,4,1,,100,,4,3,17,91,0,1,94,0,1,0,0,0,0,0,4,1,,2009-10-30 10:22:40,
218416753010661,122560248010661,218416757010661,2007,54,89,2204,1,1,,100,,53,4,27,85,0,1,86,5,1,0,1,0,0,0,6,1,,2009-10-30 10:22:44,
218416754010661,122560248010661,218416757010661,2007,54,89,2204,2,1,,100,,1,2,15,85,0,1,83,9,1,0,1,0,0,0,5,1,,2009-10-30 10:22:44,
218416755010661,122560248010661,218416757010661,2007,54,89,2204,3,1,,100,,10,4,18,90,0,2,85,7,1,0,1,0,0,0,4,1,,2009-10-30 10:22:44,
218416756010661,122560248010661,218416757010661,2007,54,89,2204,4,1,,100,,70,7,15,70,0,1,93,1,1,0,1,0,0,0,3,1,,2009-10-30 10:22:44,
218415995010661,122559864010661,218415999010661,2007,54,71,525,1,1,,100,,13,14,35,50,2,6,42,1,0,0,45,0,0,0,4,1,,2009-10-30 10:22:42,
