OBJECTID_1,AREA,PERIMETER,AREASYMBOL,SPATIALVER,MUSYM,MUKEY,Shape_Leng,cty_name,mnf_code,descriptio,Shape_Length,Shape_Area
27093,458712.866665,7985.56429875,WV602,2.0,CaF,513985,7985.56418057,NRand_Tuck,CaF09,"CALVIN CHANNERY SILT LOAM, 35 TO 65 PERCENT SLOPES",1042.1719957969474,21110.037729448824
27214,6186320.80248,68910.7361183,WV602,2.0,CaF,513985,68910.7360952,NRand_Tuck,CaF09,"CALVIN CHANNERY SILT LOAM, 35 TO 65 PERCENT SLOPES",57333.67088547316,4434924.12683476
27228,1239627.58896,8013.81109106,WV602,2.0,DaF,514000,8013.81085008,NRand_Tuck,DaF09,"DEKALB CHANNERY LOAM, 35 TO 65 PERCENT SLOPES",606.5807875601508,2388.3133671456862
27301,77917.5821133,2210.53666285,WV602,2.0,CaC,513979,2210.53666584,NRand_Tuck,CaC09,"CALVIN CHANNERY SILT LOAM, 8 TO 15 PERCENT SLOPES",638.6867955407959,16156.43478825311
27302,2030379.05173,18594.7046807,WV602,2.0,DmF,514005,18594.7047832,NRand_Tuck,DmF09,"DEKALB VERY COBBLY LOAM, 35 TO 70 PERCENT SLOPES, RUBBLY",15260.781208713155,1046172.6524635141
27326,295332.110187,8495.36515194,WV602,2.0,Fu,513957,8495.36534804,NRand_Tuck,Fu09,FLUVAQUENTS-UDIFLUVENTS COMPLEX,7918.997320649361,279085.5165499092
27342,296655.24407,4369.25092235,WV602,2.0,DaD,513998,4369.25101689,NRand_Tuck,DaD09,"DEKALB CHANNERY LOAM, 15 TO 25 PERCENT SLOPES",3165.7182091506625,215538.41097199664
27351,1770542.34319,18297.0013356,WV602,2.0,CaF,513985,18297.0012065,NRand_Tuck,CaF09,"CALVIN CHANNERY SILT LOAM, 35 TO 65 PERCENT SLOPES",14305.77285145152,1529327.9742307253
27355,18297.1956525,713.164001743,WV602,2.0,DkC,514002,713.163974316,NRand_Tuck,DkC09,"DEKALB LOAM, 8 TO 15 PERCENT SLOPES",184.79544076990823,1678.4920727285964
27387,53826.4361393,1535.53971087,WV602,2.0,CaD,513981,1535.53971647,NRand_Tuck,CaD09,"CALVIN CHANNERY SILT LOAM, 15 TO 25 PERCENT SLOPES",1234.5300538993065,39012.2275236997
27400,85395.8468523,2012.70619021,WV602,2.0,DaC,513997,2012.70617575,NRand_Tuck,DaC09,"DEKALB CHANNERY LOAM, 8 TO 15 PERCENT SLOPES",1891.6074632174357,65103.02470570823
27412,9737.6303831,517.518010973,WV602,2.0,CaD,513981,517.518008244,NRand_Tuck,CaD09,"CALVIN CHANNERY SILT LOAM, 15 TO 25 PERCENT SLOPES",303.38876294683047,3292.9348693403217
27417,29258.5358336,737.588530272,WV602,2.0,DmE,514004,737.588755949,NRand_Tuck,DmE09,"DEKALB VERY COBBLY LOAM, 15 TO 35 PERCENT SLOPES, RUBBLY",688.2528644791261,22179.249741718064
27436,43785.5842872,1790.7707266,WV602,2.0,CaC,513979,1790.77078055,NRand_Tuck,CaC09,"CALVIN CHANNERY SILT LOAM, 8 TO 15 PERCENT SLOPES",1528.9895524965198,36566.67802995568
27446,33344.5391743,1097.56584148,WV602,2.0,CaD,513981,1097.56596854,NRand_Tuck,CaD09,"CALVIN CHANNERY SILT LOAM, 15 TO 25 PERCENT SLOPES",1092.6602546544914,33315.50833087291
27465,27587.7765663,1253.67135669,WV602,2.0,CaE,513983,1253.67131253,NRand_Tuck,CaE09,"CALVIN CHANNERY SILT LOAM, 25 TO 35 PERCENT SLOPES",1253.6713125328854,27587.76997013339
27503,8722.16364272,549.702813342,WV602,2.0,DaE,513999,549.702719942,NRand_Tuck,DaE09,"DEKALB CHANNERY LOAM, 25 TO 35 PERCENT SLOPES",549.7027199424713,8722.159999461908
27507,103961.933835,3619.9391419,WV602,2.0,DaF,514000,3619.93925838,NRand_Tuck,DaF09,"DEKALB CHANNERY LOAM, 35 TO 65 PERCENT SLOPES",1678.433426419476,34637.37818119924
27520,5952.79361212,305.044139576,WV602,2.0,DaC,513997,305.04425782,NRand_Tuck,DaC09,"DEKALB CHANNERY LOAM, 8 TO 15 PERCENT SLOPES",305.0442578196588,5952.797480071469
27523,26808.4151634,1314.89585443,WV602,2.0,DaF,514000,1314.8957305,NRand_Tuck,DaF09,"DEKALB CHANNERY LOAM, 35 TO 65 PERCENT SLOPES",1314.895730499852,26808.406123742032
27528,27137.78645,759.123156993,WV602,2.0,DaC,513997,759.123161112,NRand_Tuck,DaC09,"DEKALB CHANNERY LOAM, 8 TO 15 PERCENT SLOPES",759.1231611124138,27137.79344968745
27530,30881.4585732,1368.65605653,WV602,2.0,DaF,514000,1368.65622838,NRand_Tuck,DaF09,"DEKALB CHANNERY LOAM, 35 TO 65 PERCENT SLOPES",1368.656228384607,30881.45317408529
27547,6572.76075736,350.027605243,WV602,2.0,DmF,514005,350.027394559,NRand_Tuck,DmF09,"DEKALB VERY COBBLY LOAM, 35 TO 70 PERCENT SLOPES, RUBBLY",350.02739455889963,6572.760680934457
27556,24665.1306456,661.845639856,WV602,2.0,McC,514026,661.845527725,NRand_Tuck,McC09,"MECKESVILLE SILT LOAM, 8 TO 15 PERCENT SLOPES",657.0570844951775,23550.122965501017
27560,20179.2016393,608.506235561,WV602,2.0,CaD,513981,608.506241576,NRand_Tuck,CaD09,"CALVIN CHANNERY SILT LOAM, 15 TO 25 PERCENT SLOPES",608.5062415755208,20179.20127238578
27563,75431.4231725,1347.14046675,WV602,2.0,ChF,513990,1347.14055258,NRand_Tuck,ChF09,"CATEACHE CHANNERY SILT LOAM, 35 TO 65 PERCENT SLOPES",891.9829800127682,16925.357064035947
27573,612983.256138,8076.63387556,WV602,2.0,CnF,513993,8076.63416897,NRand_Tuck,CnF09,"CATEACHE CHANNERY SILT LOAM, 35 TO 65 PERCENT SLOPES, RUBBLY",2185.741632200026,106153.84423946365
27575,143544.404514,3785.2297113,WV602,2.0,CaC,513979,3785.22973228,NRand_Tuck,CaC09,"CALVIN CHANNERY SILT LOAM, 8 TO 15 PERCENT SLOPES",3785.229732280828,143544.39050916044
27581,25347.2253831,778.59240682,WV602,2.0,BmB,513964,778.592438899,NRand_Tuck,BmB09,"BELMONT SILT LOAM, 3 TO 8 PERCENT SLOPES",778.5924388994905,25347.231589787403
27587,113666.882204,2459.88822252,WV602,2.0,CnE,513992,2459.88823484,NRand_Tuck,CnE09,"CATEACHE CHANNERY SILT LOAM, 15 TO 35 PERCENT SLOPES, RUBBLY",469.48150866692214,6029.451669082096
27589,157544.505794,2405.16076967,WV602,2.0,BnF,513971,2405.16080436,NRand_Tuck,BnF09,"BELMONT CHANNERY SILT LOAM, 35 TO 70 PERCENT SLOPES, VERY STONY",2405.160804355359,157544.52256861955
27593,155273.631348,2427.62131518,WV602,2.0,BnF,513971,2427.62128378,NRand_Tuck,BnF09,"BELMONT CHANNERY SILT LOAM, 35 TO 70 PERCENT SLOPES, VERY STONY",2427.6212837818925,155273.62203760765
27598,26627.409153,723.663816579,WV602,2.0,CnE,513992,723.664049087,NRand_Tuck,CnE09,"CATEACHE CHANNERY SILT LOAM, 15 TO 35 PERCENT SLOPES, RUBBLY",723.6640490868823,26627.41288904488
27604,23869.6896887,647.902568486,WV602,2.0,CaC3,513980,647.902575423,NRand_Tuck,CaC309,"CALVIN CHANNERY SILT LOAM, 8 TO 15 PERCENT SLOPES, SEVERELY ERODED",647.9025754226559,23869.690298081954
27623,99149.0402617,2540.3075027,WV602,2.0,CaE,513983,2540.30731834,NRand_Tuck,CaE09,"CALVIN CHANNERY SILT LOAM, 25 TO 35 PERCENT SLOPES",2540.307318336391,99149.0340649374
27635,8719.36934692,484.521420047,WV602,2.0,BmC,513965,484.52143119,NRand_Tuck,BmC09,"BELMONT SILT LOAM, 8 TO 15 PERCENT SLOPES",484.5214311895617,8719.369225019953
27636,44244.7466185,1760.05295733,WV602,2.0,CaB,513978,1760.05291379,NRand_Tuck,CaB09,"CALVIN CHANNERY SILT LOAM, 3 TO 8 PERCENT SLOPES",1760.052913788099,44244.740302958155
27637,78055.9779663,1936.45586321,WV602,2.0,DaC,513997,1936.45606501,NRand_Tuck,DaC09,"DEKALB CHANNERY LOAM, 8 TO 15 PERCENT SLOPES",1936.4560650148037,78055.98314666067
27656,53615.5126011,2823.04986936,WV602,2.0,DmF,514005,2823.04991731,NRand_Tuck,DmF09,"DEKALB VERY COBBLY LOAM, 35 TO 70 PERCENT SLOPES, RUBBLY",2823.0499173080634,53615.51903296783
27657,11580.6580264,574.857432995,WV602,2.0,BmD,513966,574.857390805,NRand_Tuck,BmD09,"BELMONT SILT LOAM, 15 TO 25 PERCENT SLOPES",574.8573908046969,11580.659307437549
27658,178015.81502,2680.76953893,WV602,2.0,CnE,513992,2680.76944764,NRand_Tuck,CnE09,"CATEACHE CHANNERY SILT LOAM, 15 TO 35 PERCENT SLOPES, RUBBLY",2680.769447635319,178015.8307434319
27664,76203.0928931,1814.22089353,WV602,2.0,DaD,513998,1814.22094616,NRand_Tuck,DaD09,"DEKALB CHANNERY LOAM, 15 TO 25 PERCENT SLOPES",1814.220946157713,76203.08940173555
27675,25835.714164,1285.59763767,WV602,2.0,DaC,513997,1285.59756246,NRand_Tuck,DaC09,"DEKALB CHANNERY LOAM, 8 TO 15 PERCENT SLOPES",1285.5975624591451,25835.70545109545
27696,15503.4215,586.93419514,WV602,2.0,BnC,513968,586.934157539,NRand_Tuck,BnC09,"BELMONT CHANNERY SILT LOAM, 3 TO 15 PERCENT SLOPES, VERY STONY",586.9341575386676,15503.421209949045
27703,20073.9890909,614.577062378,WV602,2.0,DkC,514002,614.577113132,NRand_Tuck,DkC09,"DEKALB LOAM, 8 TO 15 PERCENT SLOPES",614.5771131318616,20073.99646319832
27705,3936.21504936,259.835232427,WV602,2.0,ChE,513989,259.835117805,NRand_Tuck,ChE09,"CATEACHE CHANNERY SILT LOAM, 25 TO 35 PERCENT SLOPES",259.8351178054632,3936.214144792693
27724,5935.85723522,346.318642206,WV602,2.0,ChC,513987,346.318640111,NRand_Tuck,ChC09,"CATEACHE CHANNERY SILT LOAM, 8 TO 15 PERCENT SLOPES",346.31864011117256,5935.854048594433
27738,82351.4195026,1512.37068103,WV602,2.0,BmE,513967,1512.37069176,NRand_Tuck,BmE09,"BELMONT SILT LOAM, 25 TO 35 PERCENT SLOPES",1512.3706917579398,82351.40694594923
27740,6629.18647683,402.291317966,WV602,2.0,BnE,513970,402.291471942,NRand_Tuck,BnE09,"BELMONT CHANNERY SILT LOAM, 25 TO 35 PERCENT SLOPES, VERY STONY",402.2914719415958,6629.187803172139
27753,7886.43893573,407.475779219,WV602,2.0,ChE,513989,407.475965643,NRand_Tuck,ChE09,"CATEACHE CHANNERY SILT LOAM, 25 TO 35 PERCENT SLOPES",407.47596564344167,7886.443091324596
27765,5464.88980773,322.512668926,WV602,2.0,BmC,513965,322.512553461,NRand_Tuck,BmC09,"BELMONT SILT LOAM, 8 TO 15 PERCENT SLOPES",322.51255346102545,5464.887061755331
27768,23268.2930723,769.181311517,WV602,2.0,CaD,513981,769.181173441,NRand_Tuck,CaD09,"CALVIN CHANNERY SILT LOAM, 15 TO 25 PERCENT SLOPES",769.181173441351,23268.290554466967
27772,19569.7002727,634.743361515,WV602,2.0,CaC,513979,634.743345884,NRand_Tuck,CaC09,"CALVIN CHANNERY SILT LOAM, 8 TO 15 PERCENT SLOPES",634.7433458836412,19569.6953195293
27780,21792.2232165,834.079723787,WV602,2.0,McC,514026,834.079752922,NRand_Tuck,McC09,"MECKESVILLE SILT LOAM, 8 TO 15 PERCENT SLOPES",834.0797529215355,21792.22589207099
27796,81705.332612,1831.1692536,WV602,2.0,CaD,513981,1831.1692523,NRand_Tuck,CaD09,"CALVIN CHANNERY SILT LOAM, 15 TO 25 PERCENT SLOPES",1831.1692523027139,81705.33066648539
27805,10299.2680002,445.895413866,WV602,2.0,ChC,513987,445.895455607,NRand_Tuck,ChC09,"CATEACHE CHANNERY SILT LOAM, 8 TO 15 PERCENT SLOPES",445.8954556067198,10299.267513735464
27810,5043.9708817,292.196366018,WV602,2.0,DaC,513997,292.19621153,NRand_Tuck,DaC09,"DEKALB CHANNERY LOAM, 8 TO 15 PERCENT SLOPES",292.196211530014,5043.965995654614
27815,320951.067471,4819.37797017,WV602,2.0,CnF,513993,4819.37809634,NRand_Tuck,CnF09,"CATEACHE CHANNERY SILT LOAM, 35 TO 65 PERCENT SLOPES, RUBBLY",4803.881600080344,320751.70792984596
27832,14140.7159182,620.426617446,WV602,2.0,BnD,513969,620.426646088,NRand_Tuck,BnD09,"BELMONT CHANNERY SILT LOAM, 15 TO 25 PERCENT SLOPES, VERY STONY",620.4266460879136,14140.721082367932
27846,7977.61092365,494.667678053,WV602,2.0,DaC,513997,494.667567391,NRand_Tuck,DaC09,"DEKALB CHANNERY LOAM, 8 TO 15 PERCENT SLOPES",494.6675673905967,7977.608894684957
27852,12944.2166941,522.222498945,WV602,2.0,CnC,513991,522.222516701,NRand_Tuck,CnC09,"CATEACHE CHANNERY SILT LOAM, 3 TO 15 PERCENT SLOPES, RUBBLY",495.6729777760482,12140.750456007778
27854,15278.815892,522.654301307,WV602,2.0,ChF,513990,522.654362961,NRand_Tuck,ChF09,"CATEACHE CHANNERY SILT LOAM, 35 TO 65 PERCENT SLOPES",522.6543629613926,15278.81730284313
27858,2365.16782046,248.416144334,WV602,2.0,CaD,513981,248.416149135,NRand_Tuck,CaD09,"CALVIN CHANNERY SILT LOAM, 15 TO 25 PERCENT SLOPES",248.41614913463445,2365.1646047277864
27859,15225.661777,851.136287704,WV602,2.0,DaF,514000,851.136319445,NRand_Tuck,DaF09,"DEKALB CHANNERY LOAM, 35 TO 65 PERCENT SLOPES",851.1363194447572,15225.667472651705
27867,41156.1884075,1299.17681361,WV602,2.0,ChF,513990,1299.17682741,NRand_Tuck,ChF09,"CATEACHE CHANNERY SILT LOAM, 35 TO 65 PERCENT SLOPES",1299.176827408507,41156.19231076686
27878,131768.537688,2129.65553641,WV602,2.0,BnF,513971,2129.65572156,NRand_Tuck,BnF09,"BELMONT CHANNERY SILT LOAM, 35 TO 70 PERCENT SLOPES, VERY STONY",2129.6557215573944,131768.54673732817
27885,2393560.05529,17044.84054,WV602,2.0,DmF,514005,17044.8404723,NRand_Tuck,DmF09,"DEKALB VERY COBBLY LOAM, 35 TO 70 PERCENT SLOPES, RUBBLY",3195.4491962480683,200412.6267151925
27889,20210.0443037,602.300838552,WV602,2.0,ChB,1673048,602.300715795,NRand_Tuck,ChB09,"CATEACHE CHANNERY SILT LOAM, 3 TO 8 PERCENT SLOPES",602.3007157945655,20210.041393773856
27897,4937.9672326,273.798739638,WV602,2.0,CnC,513991,273.798674753,NRand_Tuck,CnC09,"CATEACHE CHANNERY SILT LOAM, 3 TO 15 PERCENT SLOPES, RUBBLY",273.798674753048,4937.965639515077
27922,10553.5275522,456.34824283,WV602,2.0,ChD,513988,456.348245101,NRand_Tuck,ChD09,"CATEACHE CHANNERY SILT LOAM, 15 TO 25 PERCENT SLOPES",456.3482451013652,10553.526351779332
27931,34441.2920529,1734.58618053,WV602,2.0,DaE,513999,1734.58606614,NRand_Tuck,DaE09,"DEKALB CHANNERY LOAM, 25 TO 35 PERCENT SLOPES",1734.5860661375793,34441.290388723835
27936,34391.0460923,1189.44585918,WV602,2.0,CaE,513983,1189.44582605,NRand_Tuck,CaE09,"CALVIN CHANNERY SILT LOAM, 25 TO 35 PERCENT SLOPES",1189.4458260466529,34391.03792554121
27937,314866.083225,7276.01819578,WV602,2.0,CaC,513979,7276.01834928,NRand_Tuck,CaC09,"CALVIN CHANNERY SILT LOAM, 8 TO 15 PERCENT SLOPES",7276.018349283047,314866.1081457783
27938,50139.4536231,1502.37547509,WV602,2.0,DmC,514003,1502.37567616,NRand_Tuck,DmC09,"DEKALB VERY COBBLY LOAM, 3 TO 15 PERCENT SLOPES, RUBBLY",1502.3519153181426,48841.17110827575
27939,15552.5411609,543.521995203,WV602,2.0,CaC,513979,543.521797148,NRand_Tuck,CaC09,"CALVIN CHANNERY SILT LOAM, 8 TO 15 PERCENT SLOPES",543.5217971483432,15552.543310202338
27946,19982.0957543,590.851594053,WV602,2.0,CaB,513978,590.851561526,NRand_Tuck,CaB09,"CALVIN CHANNERY SILT LOAM, 3 TO 8 PERCENT SLOPES",590.8515615260545,19982.100392685817
27952,12871.1186612,836.443929453,WV602,2.0,DaB,513996,836.443979305,NRand_Tuck,DaB09,"DEKALB CHANNERY LOAM, 3 TO 8 PERCENT SLOPES",775.7548226592412,11651.881059240352
27960,24591.5667958,1145.88587853,WV602,2.0,DaF,514000,1145.88592589,NRand_Tuck,DaF09,"DEKALB CHANNERY LOAM, 35 TO 65 PERCENT SLOPES",1145.8859258917678,24591.564118193943
27962,6687.39274251,328.89334831,WV602,2.0,CnC,513991,328.893342019,NRand_Tuck,CnC09,"CATEACHE CHANNERY SILT LOAM, 3 TO 15 PERCENT SLOPES, RUBBLY",328.8933420187356,6687.391476027177
27967,59441.5131407,1934.82971066,WV602,2.0,CxB,513994,1934.82988842,NRand_Tuck,CxB09,"COOKPORT SILT LOAM, 3 TO 8 PERCENT SLOPES",1615.2114997007704,45444.28637561897
27969,191195.785858,5804.60623939,WV602,2.0,DaC,513997,5804.60637598,NRand_Tuck,DaC09,"DEKALB CHANNERY LOAM, 8 TO 15 PERCENT SLOPES",5727.088799247363,175964.82039588696
27972,76579.7525003,1238.34793425,WV602,2.0,BmE,513967,1238.34793989,NRand_Tuck,BmE09,"BELMONT SILT LOAM, 25 TO 35 PERCENT SLOPES",1238.3479398937568,76579.74319653465
27974,72117.0243115,1449.07087782,WV602,2.0,EnC,514007,1449.07080964,NRand_Tuck,EnC09,"ERNEST SILT LOAM, 8 TO 15 PERCENT SLOPES",610.5665048835998,3983.4510372874192
27976,222498.348209,4117.8567947,WV602,2.0,DmE,514004,4117.85677801,NRand_Tuck,DmE09,"DEKALB VERY COBBLY LOAM, 15 TO 35 PERCENT SLOPES, RUBBLY",1558.79138037899,54104.19338699161
27978,21716.7014105,557.229013431,WV602,2.0,DmC,514003,557.229076464,NRand_Tuck,DmC09,"DEKALB VERY COBBLY LOAM, 3 TO 15 PERCENT SLOPES, RUBBLY",555.7948079329905,21545.105488617406
27984,6892.14842695,401.743447149,WV602,2.0,CaE,513983,401.743469538,NRand_Tuck,CaE09,"CALVIN CHANNERY SILT LOAM, 25 TO 35 PERCENT SLOPES",401.7434695382885,6892.151107719993
27986,5587.11053675,329.610878875,WV602,2.0,CaD,513981,329.610774237,NRand_Tuck,CaD09,"CALVIN CHANNERY SILT LOAM, 15 TO 25 PERCENT SLOPES",329.61077423684577,5587.107224761981
27994,201842.762339,3752.68770541,WV602,2.0,CaE,513983,3752.68782788,NRand_Tuck,CaE09,"CALVIN CHANNERY SILT LOAM, 25 TO 35 PERCENT SLOPES",3752.6878278800446,201842.77007901968
27997,166159.223175,5593.85572725,WV602,2.0,CaD,513981,5593.85587557,NRand_Tuck,CaD09,"CALVIN CHANNERY SILT LOAM, 15 TO 25 PERCENT SLOPES",5593.855875568079,166159.21507507013
28026,31686.2693246,1609.65567498,WV602,2.0,DaF,514000,1609.65576918,NRand_Tuck,DaF09,"DEKALB CHANNERY LOAM, 35 TO 65 PERCENT SLOPES",1609.6557691848684,31686.271460128843
28031,80371.7348897,1340.39261253,WV602,2.0,BnF,513971,1340.39266967,NRand_Tuck,BnF09,"BELMONT CHANNERY SILT LOAM, 35 TO 70 PERCENT SLOPES, VERY STONY",1340.3926696745064,80371.7374688501
28037,12019.1775887,514.852034463,WV602,2.0,ChB,1673048,514.852074079,NRand_Tuck,ChB09,"CATEACHE CHANNERY SILT LOAM, 3 TO 8 PERCENT SLOPES",514.8520740788324,12019.175695638762
28040,6459.97250073,320.730217844,WV602,2.0,CaB,513978,320.730262404,NRand_Tuck,CaB09,"CALVIN CHANNERY SILT LOAM, 3 TO 8 PERCENT SLOPES",320.7302624036873,6459.973364068334
28043,33248.8081353,934.490249962,WV602,2.0,DaC,513997,934.490220421,NRand_Tuck,DaC09,"DEKALB CHANNERY LOAM, 8 TO 15 PERCENT SLOPES",934.4902204211793,33248.81297361546
28051,52092.5015656,1183.39981601,WV602,2.0,ErE,514010,1183.39972295,NRand_Tuck,ErE09,"ERNEST COBBLY SILT LOAM, 15 TO 35 PERCENT SLOPES, RUBBLY",1183.3997229507818,52092.50146977632
28060,25204.5637674,657.602260018,WV602,2.0,ChE,513989,657.602329445,NRand_Tuck,ChE09,"CATEACHE CHANNERY SILT LOAM, 25 TO 35 PERCENT SLOPES",657.6023294446112,25204.56061720327
28064,17310.8089212,595.246159524,WV602,2.0,BmB,513964,595.24622455,NRand_Tuck,BmB09,"BELMONT SILT LOAM, 3 TO 8 PERCENT SLOPES",595.2462245501829,17310.8103648873
28067,38135.8293329,1179.73527776,WV602,2.0,CaC,513979,1179.73524983,NRand_Tuck,CaC09,"CALVIN CHANNERY SILT LOAM, 8 TO 15 PERCENT SLOPES",1179.7352498287435,38135.82530819649
28070,79158.3225052,2325.37101584,WV602,2.0,CaE,513983,2325.37104372,NRand_Tuck,CaE09,"CALVIN CHANNERY SILT LOAM, 25 TO 35 PERCENT SLOPES",2325.3710437239356,79158.32483023133
28074,38910.9070336,1227.03617059,WV602,2.0,BmD,513966,1227.03602537,NRand_Tuck,BmD09,"BELMONT SILT LOAM, 15 TO 25 PERCENT SLOPES",1227.0360253677509,38910.903982931086
28084,73329.6263738,1185.26125902,WV602,2.0,BmE,513967,1185.26138635,NRand_Tuck,BmE09,"BELMONT SILT LOAM, 25 TO 35 PERCENT SLOPES",1185.2613863471443,73329.62418344979
28085,31750.8628523,1252.42806091,WV602,2.0,CaD,513981,1252.42795277,NRand_Tuck,CaD09,"CALVIN CHANNERY SILT LOAM, 15 TO 25 PERCENT SLOPES",1252.427952769195,31750.863007614567
28088,18455.3713558,826.48703225,WV602,2.0,CaE,513983,826.486953597,NRand_Tuck,CaE09,"CALVIN CHANNERY SILT LOAM, 25 TO 35 PERCENT SLOPES",826.48695359747,18455.365857967863
28097,12039.6495192,545.043743658,WV602,2.0,CaC,513979,545.043705335,NRand_Tuck,CaC09,"CALVIN CHANNERY SILT LOAM, 8 TO 15 PERCENT SLOPES",545.0437053346207,12039.652030203135
28105,9502.9853242,404.288451215,WV602,2.0,CnC,513991,404.28851376,NRand_Tuck,CnC09,"CATEACHE CHANNERY SILT LOAM, 3 TO 15 PERCENT SLOPES, RUBBLY",404.28851375955134,9502.985530095008
28108,37383.8842239,1037.1889735,WV602,2.0,DrE,514047,1037.18880627,NRand_Tuck,DrE09,"DEKALB VERY COBBLY LOAM, 15 TO 35 PERCENT SLOPES, VERY RUBBLY",889.0504905088696,33031.125595339785
28111,250112.871773,6832.92769049,WV602,2.0,CaC,513979,6832.92755917,NRand_Tuck,CaC09,"CALVIN CHANNERY SILT LOAM, 8 TO 15 PERCENT SLOPES",6832.927559174664,250112.8557481027
28134,58485.9272182,1594.02434196,WV602,2.0,DrF,514048,1594.02438959,NRand_Tuck,DrF09,"DEKALB VERY COBBLY LOAM, 35 TO 80 PERCENT SLOPES, VERY RUBBLY",277.2793388335436,1580.4154792914715
28141,451650.976042,8288.82379801,WV602,2.0,ChF,513990,8288.8236425,NRand_Tuck,ChF09,"CATEACHE CHANNERY SILT LOAM, 35 TO 65 PERCENT SLOPES",4886.700146209623,255591.90096280977
28147,26295.771381,1337.69200406,WV602,2.0,RS,514038,1337.69199172,NRand_Tuck,RS09,"RUBBLE LAND, SANDSTONE",662.1176633324814,12168.899372054948
28162,19701.3809747,595.86907777,WV602,2.0,DaC,513997,595.869186981,NRand_Tuck,DaC09,"DEKALB CHANNERY LOAM, 8 TO 15 PERCENT SLOPES",595.8691869814218,19701.383751675043
28163,14373.6136582,526.073930122,WV602,2.0,DaB,513996,526.073911022,NRand_Tuck,DaB09,"DEKALB CHANNERY LOAM, 3 TO 8 PERCENT SLOPES",365.84266441414366,5978.38162186304
28172,9944.12582958,550.71070153,WV602,2.0,DaC,513997,550.710775012,NRand_Tuck,DaC09,"DEKALB CHANNERY LOAM, 8 TO 15 PERCENT SLOPES",550.7107750117328,9944.129156576862
28177,6444.32336473,321.090245539,WV602,2.0,ChC,513987,321.090137949,NRand_Tuck,ChC09,"CATEACHE CHANNERY SILT LOAM, 8 TO 15 PERCENT SLOPES",321.09013794914046,6444.322048458949
28186,11637.9490421,724.835332719,WV602,2.0,DaF,514000,724.835410502,NRand_Tuck,DaF09,"DEKALB CHANNERY LOAM, 35 TO 65 PERCENT SLOPES",724.8354105015379,11637.949214599865
28190,2338.80722337,191.879187346,WV602,2.0,ChC,513987,191.879197136,NRand_Tuck,ChC09,"CATEACHE CHANNERY SILT LOAM, 8 TO 15 PERCENT SLOPES",191.87919713575496,2338.8072433539255
28193,2757.9286387,228.157182079,WV602,2.0,ChE,513989,228.157169287,NRand_Tuck,ChE09,"CATEACHE CHANNERY SILT LOAM, 25 TO 35 PERCENT SLOPES",228.66436882495898,2734.803455279577
28195,7363.26976111,348.735240443,WV602,2.0,DaC,513997,348.735173599,NRand_Tuck,DaC09,"DEKALB CHANNERY LOAM, 8 TO 15 PERCENT SLOPES",348.7351735990363,7363.269161971524
28196,16061.9950598,646.688110133,WV602,2.0,CaD,513981,646.688177168,NRand_Tuck,CaD09,"CALVIN CHANNERY SILT LOAM, 15 TO 25 PERCENT SLOPES",646.6881771679886,16061.988510874198
28211,122482.66464,1850.50675015,WV602,2.0,BnF,513971,1850.50654467,NRand_Tuck,BnF09,"BELMONT CHANNERY SILT LOAM, 35 TO 70 PERCENT SLOPES, VERY STONY",1850.506544674801,122482.65996943552
28212,8011.73931202,420.166848575,WV602,2.0,CaD,513981,420.166905313,NRand_Tuck,CaD09,"CALVIN CHANNERY SILT LOAM, 15 TO 25 PERCENT SLOPES",420.1669053134307,8011.736834051139
28223,42444.0205111,1294.97905223,WV602,2.0,ChE,513989,1294.97900263,NRand_Tuck,ChE09,"CATEACHE CHANNERY SILT LOAM, 25 TO 35 PERCENT SLOPES",627.5082657097382,20305.316917646123
28230,10288.2654581,406.591297258,WV602,2.0,CxB,513994,406.59133876,NRand_Tuck,CxB09,"COOKPORT SILT LOAM, 3 TO 8 PERCENT SLOPES",406.59133876023725,10288.266453902706
28247,145110.304885,6783.55405346,WV602,2.0,Fu,513957,6783.55412118,NRand_Tuck,Fu09,FLUVAQUENTS-UDIFLUVENTS COMPLEX,6783.554121184958,145110.32066485108
28248,22793.4407685,975.958149698,WV602,2.0,DaC,513997,975.958070088,NRand_Tuck,DaC09,"DEKALB CHANNERY LOAM, 8 TO 15 PERCENT SLOPES",975.9580700880352,22793.44600828479
28257,36935.6460319,841.50627199,WV602,2.0,CaD,513981,841.506144004,NRand_Tuck,CaD09,"CALVIN CHANNERY SILT LOAM, 15 TO 25 PERCENT SLOPES",841.506144004058,36935.64584956593
28259,32446.4955825,2225.34448391,WV602,2.0,DaF,514000,2225.34427313,NRand_Tuck,DaF09,"DEKALB CHANNERY LOAM, 35 TO 65 PERCENT SLOPES",2225.3442731345717,32446.483930243445
28262,812809.895841,11259.3861006,WV602,2.0,GcE,514016,11259.3862481,NRand_Tuck,GcE09,"GILPIN CHANNERY SILT LOAM, 25 TO 35 PERCENT SLOPES",4936.428953999084,205387.3754793997
28266,35479.647608,1990.02863672,WV602,2.0,DmF,514005,1990.02880056,NRand_Tuck,DmF09,"DEKALB VERY COBBLY LOAM, 35 TO 70 PERCENT SLOPES, RUBBLY",1990.0288005642299,35479.65197575817
28269,14255.6868052,738.950909024,WV602,2.0,CaE,513983,738.950810292,NRand_Tuck,CaE09,"CALVIN CHANNERY SILT LOAM, 25 TO 35 PERCENT SLOPES",738.9508102915746,14255.68637044383
28270,111984.262215,1596.34985383,WV602,2.0,ChD,513988,1596.34977914,NRand_Tuck,ChD09,"CATEACHE CHANNERY SILT LOAM, 15 TO 25 PERCENT SLOPES",328.0252610538323,2274.4579624306816
28274,55402.5991172,2712.93349017,WV602,2.0,CaD,513981,2712.93361668,NRand_Tuck,CaD09,"CALVIN CHANNERY SILT LOAM, 15 TO 25 PERCENT SLOPES",2712.9336166794965,55402.6166940818
28281,10030.5335929,385.414656345,WV602,2.0,DaC,513997,385.414722378,NRand_Tuck,DaC09,"DEKALB CHANNERY LOAM, 8 TO 15 PERCENT SLOPES",385.414722377832,10030.534093273718
28283,17727.4314605,633.153874963,WV602,2.0,ChB,1673048,633.154051587,NRand_Tuck,ChB09,"CATEACHE CHANNERY SILT LOAM, 3 TO 8 PERCENT SLOPES",500.44979302273646,7142.048427337258
28288,8374.19304986,332.042824252,WV602,2.0,CaC,513979,332.042828802,NRand_Tuck,CaC09,"CALVIN CHANNERY SILT LOAM, 8 TO 15 PERCENT SLOPES",332.0428288021396,8374.19507560073
28301,4666.82999302,396.882356444,WV602,2.0,W,514054,396.882470485,NRand_Tuck,W09,WATER,396.8824704847511,4666.831686217235
28302,317717.322898,6305.76334746,WV602,2.0,CaD,513981,6305.76345065,NRand_Tuck,CaD09,"CALVIN CHANNERY SILT LOAM, 15 TO 25 PERCENT SLOPES",6305.763450653909,317717.3276772301
28304,7139.10970521,470.075177178,WV602,2.0,DaD,513998,470.075222117,NRand_Tuck,DaD09,"DEKALB CHANNERY LOAM, 15 TO 25 PERCENT SLOPES",470.0752221173284,7139.115871532013
28309,43236.7684601,1465.48559403,WV602,2.0,BmD,513966,1465.48526296,NRand_Tuck,BmD09,"BELMONT SILT LOAM, 15 TO 25 PERCENT SLOPES",1465.4852629637028,43236.76879346884
28315,16214.8493625,482.520778966,WV602,2.0,DaB,513996,482.520745611,NRand_Tuck,DaB09,"DEKALB CHANNERY LOAM, 3 TO 8 PERCENT SLOPES",482.52074561065666,16214.851553084225
28321,29439.2445963,877.325660479,WV602,2.0,DaB,513996,877.32571713,NRand_Tuck,DaB09,"DEKALB CHANNERY LOAM, 3 TO 8 PERCENT SLOPES",877.3257171298944,29439.24987076288
28325,11106.5107808,516.070426035,WV602,2.0,DkB,514001,516.070447806,NRand_Tuck,DkB09,"DEKALB LOAM, 3 TO 8 PERCENT SLOPES",516.0704478060283,11106.50945015123
28326,106760.632643,2770.78341676,WV602,2.0,DaD,513998,2770.78344432,NRand_Tuck,DaD09,"DEKALB CHANNERY LOAM, 15 TO 25 PERCENT SLOPES",2770.783444317812,106760.63026298945
28327,66176.4432652,2677.65958144,WV602,2.0,DaF,514000,2677.6596131,NRand_Tuck,DaF09,"DEKALB CHANNERY LOAM, 35 TO 65 PERCENT SLOPES",1408.1955484186083,34357.79707139405
28328,5380.12061484,274.731621596,WV602,2.0,CaC,513979,274.731569389,NRand_Tuck,CaC09,"CALVIN CHANNERY SILT LOAM, 8 TO 15 PERCENT SLOPES",274.731569388909,5380.119468944385
28329,11058.5718924,639.606763098,WV602,2.0,DaB,513996,639.606738841,NRand_Tuck,DaB09,"DEKALB CHANNERY LOAM, 3 TO 8 PERCENT SLOPES",639.6067388409846,11058.571955080446
28330,67339.4313978,1128.50413219,WV602,2.0,BmE,513967,1128.50417639,NRand_Tuck,BmE09,"BELMONT SILT LOAM, 25 TO 35 PERCENT SLOPES",1128.5041763888714,67339.44040048405
28335,107525.35824,1665.54271698,WV602,2.0,DaC,513997,1665.54266367,NRand_Tuck,DaC09,"DEKALB CHANNERY LOAM, 8 TO 15 PERCENT SLOPES",1044.9993003922605,12940.061966339237
28338,128786.880346,2239.32273508,WV602,2.0,DaD,513998,2239.32289838,NRand_Tuck,DaD09,"DEKALB CHANNERY LOAM, 15 TO 25 PERCENT SLOPES",2220.2104232348693,125190.40350012845
28341,28163.9419086,1254.81894326,WV602,2.0,CaB,513978,1254.81889816,NRand_Tuck,CaB09,"CALVIN CHANNERY SILT LOAM, 3 TO 8 PERCENT SLOPES",1254.8188981557196,28163.93370844045
28344,24826.1647598,798.02211045,WV602,2.0,DaD,513998,798.022157533,NRand_Tuck,DaD09,"DEKALB CHANNERY LOAM, 15 TO 25 PERCENT SLOPES",798.0221575330952,24826.16156860257
28353,6797.2541139,340.097270328,WV602,2.0,DaC,513997,340.097273325,NRand_Tuck,DaC09,"DEKALB CHANNERY LOAM, 8 TO 15 PERCENT SLOPES",340.0972733245916,6797.25182295243
28372,33703.4353737,956.751806953,WV602,2.0,CaC,513979,956.751885741,NRand_Tuck,CaC09,"CALVIN CHANNERY SILT LOAM, 8 TO 15 PERCENT SLOPES",956.7518857409879,33703.4370318448
28382,50221.0832801,1700.84914695,WV602,2.0,McC,514026,1700.84912817,NRand_Tuck,McC09,"MECKESVILLE SILT LOAM, 8 TO 15 PERCENT SLOPES",1700.849128174858,50221.08186245895
28387,265474.710082,5691.0471788,WV602,2.0,CaF,513985,5691.0472571,NRand_Tuck,CaF09,"CALVIN CHANNERY SILT LOAM, 35 TO 65 PERCENT SLOPES",5691.047257097485,265474.7119496575
28392,14789.6288064,732.169934984,WV602,2.0,CaE,513983,732.170028179,NRand_Tuck,CaE09,"CALVIN CHANNERY SILT LOAM, 25 TO 35 PERCENT SLOPES",732.1700281793444,14789.625723197978
28396,28815.9300559,692.942064126,WV602,2.0,EnD,514008,692.941991096,NRand_Tuck,EnD09,"ERNEST SILT LOAM, 15 TO 25 PERCENT SLOPES",692.9419910960929,28815.929012701028
28397,18964.6367513,741.860024943,WV602,2.0,CaB,513978,741.859849384,NRand_Tuck,CaB09,"CALVIN CHANNERY SILT LOAM, 3 TO 8 PERCENT SLOPES",741.8598493835461,18964.63950033076
28403,12992.2437726,654.996992669,WV602,2.0,DaB,513996,654.997035223,NRand_Tuck,DaB09,"DEKALB CHANNERY LOAM, 3 TO 8 PERCENT SLOPES",654.997035223065,12992.24544303724
28405,1196040.31969,21081.7101538,WV602,2.0,BnF,513971,21081.7097214,NRand_Tuck,BnF09,"BELMONT CHANNERY SILT LOAM, 35 TO 70 PERCENT SLOPES, VERY STONY",2454.20586483902,96509.26265286878
28416,5762.54978129,338.79461953,WV602,2.0,CaC,513979,338.794643832,NRand_Tuck,CaC09,"CALVIN CHANNERY SILT LOAM, 8 TO 15 PERCENT SLOPES",338.79464383203754,5762.551541263456
28426,34507.7395191,968.326758001,WV602,2.0,BnF,513971,968.326766065,NRand_Tuck,BnF09,"BELMONT CHANNERY SILT LOAM, 35 TO 70 PERCENT SLOPES, VERY STONY",968.3267660652714,34507.74065975141
28432,5640.97850931,303.276410371,WV602,2.0,CaD,513981,303.276520198,NRand_Tuck,CaD09,"CALVIN CHANNERY SILT LOAM, 15 TO 25 PERCENT SLOPES",303.2765201978864,5640.977763973412
28438,34151.2169778,994.647271283,WV602,2.0,CaB,513978,994.64729997,NRand_Tuck,CaB09,"CALVIN CHANNERY SILT LOAM, 3 TO 8 PERCENT SLOPES",994.64729996967,34151.22084233138
28440,14403.1978694,660.540832274,WV602,2.0,GcF,514018,660.540854033,NRand_Tuck,GcF09,"GILPIN CHANNERY SILT LOAM, 35 TO 70 PERCENT SLOPES",8.66629178626896,2.785767489954874
28450,33769.3555208,935.933677169,WV602,2.0,DaF,514000,935.933626496,NRand_Tuck,DaF09,"DEKALB CHANNERY LOAM, 35 TO 65 PERCENT SLOPES",935.9336264960732,33769.349621028865
28455,19805.1392587,697.592649661,WV602,2.0,DmE,514004,697.592702735,NRand_Tuck,DmE09,"DEKALB VERY COBBLY LOAM, 15 TO 35 PERCENT SLOPES, RUBBLY",697.5927027354777,19805.136968351784
28456,37400.2313887,1370.37319346,WV602,2.0,DmF,514005,1370.37310742,NRand_Tuck,DmF09,"DEKALB VERY COBBLY LOAM, 35 TO 70 PERCENT SLOPES, RUBBLY",1370.3731074228244,37400.2332713238
28477,134432.212029,2895.61839323,WV602,2.0,CaE,513983,2895.6183926,NRand_Tuck,CaE09,"CALVIN CHANNERY SILT LOAM, 25 TO 35 PERCENT SLOPES",2895.618392599819,134432.23492915384
28478,10974.2395933,611.792052649,WV602,2.0,DaC,513997,611.791964372,NRand_Tuck,DaC09,"DEKALB CHANNERY LOAM, 8 TO 15 PERCENT SLOPES",611.7919643721481,10974.237432550737
28481,6122.39859274,404.994127742,WV602,2.0,DaC,513997,404.994105885,NRand_Tuck,DaC09,"DEKALB CHANNERY LOAM, 8 TO 15 PERCENT SLOPES",404.994105884507,6122.399706574033
28482,9775.27353707,418.835549215,WV602,2.0,DmC,514003,418.835550267,NRand_Tuck,DmC09,"DEKALB VERY COBBLY LOAM, 3 TO 15 PERCENT SLOPES, RUBBLY",418.8355502672231,9775.27408306925
28493,9839.65228796,672.771652317,WV602,2.0,DaC,513997,672.77163575,NRand_Tuck,DaC09,"DEKALB CHANNERY LOAM, 8 TO 15 PERCENT SLOPES",672.771635749713,9839.648534503209
28494,11274.1395719,596.459296344,WV602,2.0,CaD,513981,596.459289793,NRand_Tuck,CaD09,"CALVIN CHANNERY SILT LOAM, 15 TO 25 PERCENT SLOPES",596.459289792987,11274.137669269232
28498,19463.7972922,718.701059252,WV602,2.0,McC,514026,718.701037003,NRand_Tuck,McC09,"MECKESVILLE SILT LOAM, 8 TO 15 PERCENT SLOPES",718.7010370027542,19463.79923193621
28499,10315.1169223,533.313089059,WV602,2.0,DmC,514003,533.313105315,NRand_Tuck,DmC09,"DEKALB VERY COBBLY LOAM, 3 TO 15 PERCENT SLOPES, RUBBLY",533.3131053154032,10315.116203073983
28504,42795.188874,1062.88727893,WV602,2.0,DmF,514005,1062.88728244,NRand_Tuck,DmF09,"DEKALB VERY COBBLY LOAM, 35 TO 70 PERCENT SLOPES, RUBBLY",1062.887282441364,42795.1868080677
28513,56281.8174049,1803.47716459,WV602,2.0,CaC,513979,1803.47727303,NRand_Tuck,CaC09,"CALVIN CHANNERY SILT LOAM, 8 TO 15 PERCENT SLOPES",1803.4772730309153,56281.823771027
28519,26108.5358893,824.371138496,WV602,2.0,BmE,513967,824.371044578,NRand_Tuck,BmE09,"BELMONT SILT LOAM, 25 TO 35 PERCENT SLOPES",824.3710445780232,26108.535714675792
28525,22989.12547,858.306390501,WV602,2.0,CaB,513978,858.306282596,NRand_Tuck,CaB09,"CALVIN CHANNERY SILT LOAM, 3 TO 8 PERCENT SLOPES",858.3062825955203,22989.114082406133
28526,274864.065383,6906.00879115,WV602,2.0,DaF,514000,6906.00861302,NRand_Tuck,DaF09,"DEKALB CHANNERY LOAM, 35 TO 65 PERCENT SLOPES",6906.00861302277,274864.06486326345
28533,18128.4180989,626.504298459,WV602,2.0,DaB,513996,626.504327216,NRand_Tuck,DaB09,"DEKALB CHANNERY LOAM, 3 TO 8 PERCENT SLOPES",626.5043272162279,18128.41752355062
28534,12725.0305028,477.162584195,WV602,2.0,BmD,513966,477.162632489,NRand_Tuck,BmD09,"BELMONT SILT LOAM, 15 TO 25 PERCENT SLOPES",351.59993077477736,6947.854332603972
28536,14391.2082521,502.005996185,WV602,2.0,BmE,513967,502.005972908,NRand_Tuck,BmE09,"BELMONT SILT LOAM, 25 TO 35 PERCENT SLOPES",502.00597290762016,14391.201397915705
28537,4271.26174337,320.556726482,WV602,2.0,ChD,513988,320.55683,NRand_Tuck,ChD09,"CATEACHE CHANNERY SILT LOAM, 15 TO 25 PERCENT SLOPES",79.33792407066304,309.3259406653212
28539,5668.56573486,313.767564456,WV602,2.0,BmD,513966,313.767556207,NRand_Tuck,BmD09,"BELMONT SILT LOAM, 15 TO 25 PERCENT SLOPES",313.76755620658486,5668.567139900751
28543,59359.9014677,2360.83795306,WV602,2.0,McC,514026,2360.83788657,NRand_Tuck,McC09,"MECKESVILLE SILT LOAM, 8 TO 15 PERCENT SLOPES",2360.837886573434,59359.89286200162
28544,43641.1671603,810.767306477,WV602,2.0,DmE,514004,810.767254969,NRand_Tuck,DmE09,"DEKALB VERY COBBLY LOAM, 15 TO 35 PERCENT SLOPES, RUBBLY",810.7672549688845,43641.16598128762
28547,64216.7164952,1048.4354265,WV602,2.0,BmD,513966,1048.43559428,NRand_Tuck,BmD09,"BELMONT SILT LOAM, 15 TO 25 PERCENT SLOPES",1048.4355942828247,64216.71705010125
28549,9568.93390167,669.849400077,WV602,2.0,CaC,513979,669.84931976,NRand_Tuck,CaC09,"CALVIN CHANNERY SILT LOAM, 8 TO 15 PERCENT SLOPES",669.8493197600015,9568.930969350684
28561,10698.6744948,402.221296255,WV602,2.0,DmC,514003,402.221303751,NRand_Tuck,DmC09,"DEKALB VERY COBBLY LOAM, 3 TO 15 PERCENT SLOPES, RUBBLY",402.22130375087835,10698.676397133358
28566,5260.37838817,306.610315232,WV602,2.0,CnE,513992,306.610340229,NRand_Tuck,CnE09,"CATEACHE CHANNERY SILT LOAM, 15 TO 35 PERCENT SLOPES, RUBBLY",306.6103402285409,5260.372489378145
28574,18883.4229307,1013.11267221,WV602,2.0,CaD,513981,1013.11262514,NRand_Tuck,CaD09,"CALVIN CHANNERY SILT LOAM, 15 TO 25 PERCENT SLOPES",1013.1126251359267,18883.42476103696
28582,5841.71956819,312.409578491,WV602,2.0,BmD,513966,312.409575111,NRand_Tuck,BmD09,"BELMONT SILT LOAM, 15 TO 25 PERCENT SLOPES",204.3321724109149,2807.968910560907
28583,17863.1031276,599.614046972,WV602,2.0,DkB,514001,599.614072386,NRand_Tuck,DkB09,"DEKALB LOAM, 3 TO 8 PERCENT SLOPES",599.6140723861433,17863.109127932512
28590,384387.041729,7261.91696867,WV602,2.0,ChF,513990,7261.91702459,NRand_Tuck,ChF09,"CATEACHE CHANNERY SILT LOAM, 35 TO 65 PERCENT SLOPES",2903.123597076879,123059.19219177219
28591,33492.833856,1474.14082557,WV602,2.0,DaD,513998,1474.14080951,NRand_Tuck,DaD09,"DEKALB CHANNERY LOAM, 15 TO 25 PERCENT SLOPES",1474.1408095103477,33492.834091524834
28601,71354.603018,1120.53095307,WV602,2.0,BmE,513967,1120.53085426,NRand_Tuck,BmE09,"BELMONT SILT LOAM, 25 TO 35 PERCENT SLOPES",1120.53085426069,71354.6003128598
28607,17147.4455801,606.94768009,WV602,2.0,DmE,514004,606.947678115,NRand_Tuck,DmE09,"DEKALB VERY COBBLY LOAM, 15 TO 35 PERCENT SLOPES, RUBBLY",606.947678114893,17147.445603066924
28611,5031.7647329,323.820106937,WV602,2.0,DaC,513997,323.82010907,NRand_Tuck,DaC09,"DEKALB CHANNERY LOAM, 8 TO 15 PERCENT SLOPES",317.91746214481077,4841.019820779186
28613,8932.61583805,369.080369099,WV602,2.0,CaB,513978,369.080358799,NRand_Tuck,CaB09,"CALVIN CHANNERY SILT LOAM, 3 TO 8 PERCENT SLOPES",369.0803587986134,8932.612339694906
28616,59444.4798489,1842.24688154,WV602,2.0,CaC,513979,1842.24666786,NRand_Tuck,CaC09,"CALVIN CHANNERY SILT LOAM, 8 TO 15 PERCENT SLOPES",1842.2466678564326,59444.4831961357
28618,29402.7137146,934.85689964,WV602,2.0,EnB,514006,934.856870824,NRand_Tuck,EnB09,"ERNEST SILT LOAM, 3 TO 8 PERCENT SLOPES",10.421473962608285,4.359850098432151
28619,13834.6855646,476.033597904,WV602,2.0,CaB,513978,476.033601304,NRand_Tuck,CaB09,"CALVIN CHANNERY SILT LOAM, 3 TO 8 PERCENT SLOPES",476.03360130426324,13834.689287043315
28625,8003.40887597,381.839209106,WV602,2.0,ChC,513987,381.839277267,NRand_Tuck,ChC09,"CATEACHE CHANNERY SILT LOAM, 8 TO 15 PERCENT SLOPES",360.89747282178587,6086.876444421129
28638,16419.1390644,539.236483255,WV602,2.0,ChC,513987,539.236417884,NRand_Tuck,ChC09,"CATEACHE CHANNERY SILT LOAM, 8 TO 15 PERCENT SLOPES",526.5237911104184,16182.284825703167
28641,6155.86187942,343.39614222,WV602,2.0,CaC,513979,343.396140144,NRand_Tuck,CaC09,"CALVIN CHANNERY SILT LOAM, 8 TO 15 PERCENT SLOPES",343.39614014421846,6155.8621585684905
28644,3983.33029127,257.213237595,WV602,2.0,ChD,513988,257.213346518,NRand_Tuck,ChD09,"CATEACHE CHANNERY SILT LOAM, 15 TO 25 PERCENT SLOPES",227.20654651803898,3032.934739272569
28661,614836.082758,6972.0414261,WV602,2.0,CnE,513992,6972.04129601,NRand_Tuck,CnE09,"CATEACHE CHANNERY SILT LOAM, 15 TO 35 PERCENT SLOPES, RUBBLY",3722.771153609069,368963.09287245467
28675,16063.9112303,657.048835607,WV602,2.0,DmC,514003,657.048873762,NRand_Tuck,DmC09,"DEKALB VERY COBBLY LOAM, 3 TO 15 PERCENT SLOPES, RUBBLY",657.0488737622605,16063.911222365
28678,140355.471967,4026.92370475,WV602,2.0,CaD,513981,4026.92387187,NRand_Tuck,CaD09,"CALVIN CHANNERY SILT LOAM, 15 TO 25 PERCENT SLOPES",4026.923871867294,140355.47522571145
28684,111878.585677,1837.53996934,WV602,2.0,BnE,513970,1837.54010016,NRand_Tuck,BnE09,"BELMONT CHANNERY SILT LOAM, 25 TO 35 PERCENT SLOPES, VERY STONY",1837.540100160554,111878.59861084571
28687,151192.296101,2532.45981322,WV602,2.0,MkD,514028,2532.45981801,NRand_Tuck,MkD09,"MECKESVILLE SILT LOAM, 15 TO 25 PERCENT SLOPES, VERY STONY",2532.4598180135954,151192.29403991112
28703,14183.5931278,440.422606782,WV602,2.0,ChC,513987,440.42263154,NRand_Tuck,ChC09,"CATEACHE CHANNERY SILT LOAM, 8 TO 15 PERCENT SLOPES",440.4226315396909,14183.594853242312
28711,192140.227064,3980.19186169,WV602,2.0,CaC,513979,3980.19171266,NRand_Tuck,CaC09,"CALVIN CHANNERY SILT LOAM, 8 TO 15 PERCENT SLOPES",3980.1917126565913,192140.22337683302
28716,11257.6159373,529.298922606,WV602,2.0,McC,514026,529.29890955,NRand_Tuck,McC09,"MECKESVILLE SILT LOAM, 8 TO 15 PERCENT SLOPES",529.2989095500482,11257.616022113165
28729,64794.2006898,1234.21074811,WV602,2.0,CaD,513981,1234.21090605,NRand_Tuck,CaD09,"CALVIN CHANNERY SILT LOAM, 15 TO 25 PERCENT SLOPES",1234.2109060483172,64794.203807622114
28730,25537.3863405,720.993596162,WV602,2.0,MkC,514027,720.993453949,NRand_Tuck,MkC09,"MECKESVILLE SILT LOAM, 3 TO 15 PERCENT SLOPES, VERY STONY",720.9934539490869,25537.385100812306
28738,23341.3806305,796.724229117,WV602,2.0,DaC,513997,796.724286549,NRand_Tuck,DaC09,"DEKALB CHANNERY LOAM, 8 TO 15 PERCENT SLOPES",796.7242865490116,23341.37497417119
28741,5545.93759011,321.6776353,WV602,2.0,CaC,513979,321.677691252,NRand_Tuck,CaC09,"CALVIN CHANNERY SILT LOAM, 8 TO 15 PERCENT SLOPES",321.67769125213414,5545.9406493047245
28777,20360.048663,780.660568628,WV602,2.0,DmC,514003,780.660487905,NRand_Tuck,DmC09,"DEKALB VERY COBBLY LOAM, 3 TO 15 PERCENT SLOPES, RUBBLY",780.660487905496,20360.057300552635
28787,80293.5514858,1623.72680883,WV602,2.0,McC,514026,1623.7267838,NRand_Tuck,McC09,"MECKESVILLE SILT LOAM, 8 TO 15 PERCENT SLOPES",1623.7267837952581,80293.54717471724
28797,5605.55770493,304.399996904,WV602,2.0,CaD,513981,304.399955155,NRand_Tuck,CaD09,"CALVIN CHANNERY SILT LOAM, 15 TO 25 PERCENT SLOPES",304.39995515508093,5605.556329967661
28801,316960.448214,3584.17104091,WV602,2.0,DrE,514047,3584.1709612,NRand_Tuck,DrE09,"DEKALB VERY COBBLY LOAM, 15 TO 35 PERCENT SLOPES, VERY RUBBLY",2452.2103113037056,175793.12473906623
28812,46134.8546536,1191.91690745,WV602,2.0,CaE,513983,1191.91698702,NRand_Tuck,CaE09,"CALVIN CHANNERY SILT LOAM, 25 TO 35 PERCENT SLOPES",1191.9169870196324,46134.8585813836
28817,364819.110492,5403.81369323,WV602,2.0,CnF,513993,5403.81347852,NRand_Tuck,CnF09,"CATEACHE CHANNERY SILT LOAM, 35 TO 65 PERCENT SLOPES, RUBBLY",2687.1707020451804,117729.41457221475
28833,13600.7313931,874.282587327,WV602,2.0,CaE,513983,874.282615412,NRand_Tuck,CaE09,"CALVIN CHANNERY SILT LOAM, 25 TO 35 PERCENT SLOPES",874.2826154124052,13600.73024364468
28861,17921.4608344,680.338495425,WV602,2.0,EnC,514007,680.338579577,NRand_Tuck,EnC09,"ERNEST SILT LOAM, 8 TO 15 PERCENT SLOPES",680.3385795774311,17921.45822922235
28865,12286.9375311,511.991972812,WV602,2.0,DmC,514003,511.991868974,NRand_Tuck,DmC09,"DEKALB VERY COBBLY LOAM, 3 TO 15 PERCENT SLOPES, RUBBLY",511.9918689741564,12286.93440104851
28894,5956.48994224,361.205747259,WV602,2.0,DaD,513998,361.205745669,NRand_Tuck,DaD09,"DEKALB CHANNERY LOAM, 15 TO 25 PERCENT SLOPES",361.20574566941235,5956.488515575135
28899,57654.796303,1326.19878082,WV602,2.0,BmE,513967,1326.1988041,NRand_Tuck,BmE09,"BELMONT SILT LOAM, 25 TO 35 PERCENT SLOPES",1326.1988041002191,57654.794525950696
28904,47181.6622972,1558.95959573,WV602,2.0,DaC,513997,1558.95953897,NRand_Tuck,DaC09,"DEKALB CHANNERY LOAM, 8 TO 15 PERCENT SLOPES",1558.9595389726405,47181.668637428156
28926,77859.466736,1816.65324869,WV602,2.0,BmD,513966,1816.65315821,NRand_Tuck,BmD09,"BELMONT SILT LOAM, 15 TO 25 PERCENT SLOPES",1955.2537155175064,71909.21337120331
28941,77264.0140705,1748.01598403,WV602,2.0,DaB,513996,1748.01588286,NRand_Tuck,DaB09,"DEKALB CHANNERY LOAM, 3 TO 8 PERCENT SLOPES",374.4368309149262,3547.2011743150997
28949,80371.4244075,1990.91024065,WV602,2.0,ErE,514010,1990.91022445,NRand_Tuck,ErE09,"ERNEST COBBLY SILT LOAM, 15 TO 35 PERCENT SLOPES, RUBBLY",700.0698385376434,12348.46696951749
28951,13118.971417,467.524351294,WV602,2.0,DmC,514003,467.524397032,NRand_Tuck,DmC09,"DEKALB VERY COBBLY LOAM, 3 TO 15 PERCENT SLOPES, RUBBLY",467.5243970317912,13118.971167784988
28952,16694.0629176,555.92307196,WV602,2.0,CaD,513981,555.923162426,NRand_Tuck,CaD09,"CALVIN CHANNERY SILT LOAM, 15 TO 25 PERCENT SLOPES",555.9231624258663,16694.058226043304
28997,23190.0305781,751.751547865,WV602,2.0,MkC,514027,751.751543852,NRand_Tuck,MkC09,"MECKESVILLE SILT LOAM, 3 TO 15 PERCENT SLOPES, VERY STONY",751.7515438524898,23190.03034560448
29025,23139.9825539,1023.87006675,WV602,2.0,DaD,513998,1023.87008777,NRand_Tuck,DaD09,"DEKALB CHANNERY LOAM, 15 TO 25 PERCENT SLOPES",367.4654796294302,5609.640729845793
29030,11137.191678,439.567535624,WV602,2.0,DaB,513996,439.56746887,NRand_Tuck,DaB09,"DEKALB CHANNERY LOAM, 3 TO 8 PERCENT SLOPES",439.56746886969734,11137.188236478907
29046,45736.1095412,1342.39145718,WV602,2.0,CaE,513983,1342.39136233,NRand_Tuck,CaE09,"CALVIN CHANNERY SILT LOAM, 25 TO 35 PERCENT SLOPES",1342.3913623295655,45736.10132384817
29050,21563.0205593,1291.74632882,WV602,2.0,DaF,514000,1291.74618709,NRand_Tuck,DaF09,"DEKALB CHANNERY LOAM, 35 TO 65 PERCENT SLOPES",1275.9021368569597,21324.211647062613
29051,42715.513264,968.202687117,WV602,2.0,DmC,514003,968.202829563,NRand_Tuck,DmC09,"DEKALB VERY COBBLY LOAM, 3 TO 15 PERCENT SLOPES, RUBBLY",586.3568456608936,7505.879649212681
29057,140630.779993,1924.14072249,WV602,2.0,BnF,513971,1924.14063946,NRand_Tuck,BnF09,"BELMONT CHANNERY SILT LOAM, 35 TO 70 PERCENT SLOPES, VERY STONY",1160.9858998251252,51632.88460145135
29082,6041.34718204,332.80020822,WV602,2.0,CaC,513979,332.800232835,NRand_Tuck,CaC09,"CALVIN CHANNERY SILT LOAM, 8 TO 15 PERCENT SLOPES",332.8002328350369,6041.344502447447
29087,6895.26368141,391.386864631,WV602,2.0,DmC,514003,391.386888264,NRand_Tuck,DmC09,"DEKALB VERY COBBLY LOAM, 3 TO 15 PERCENT SLOPES, RUBBLY",391.3868882642865,6895.265264954937
29090,9153.54923069,370.052088902,WV602,2.0,CaB,513978,370.052071381,NRand_Tuck,CaB09,"CALVIN CHANNERY SILT LOAM, 3 TO 8 PERCENT SLOPES",370.05207138120534,9153.544950910578
29101,43317.1305381,1352.25846732,WV602,2.0,CaC,513979,1352.25850115,NRand_Tuck,CaC09,"CALVIN CHANNERY SILT LOAM, 8 TO 15 PERCENT SLOPES",1352.2585011490498,43317.14211015758
