Length_m,Comp_name,Shape_Length
23.3262522376, ,4.637496427646319
53.5818444979, ,53.581854998048094
13.6563697351, ,13.656418997882309
54.4891396663, ,1.1752602482970333
356.889048343, ,98.54436556960235
272.672793475, ,23.528131666776222
163.026191242, ,1.360634440663027
724.757744915, ,558.236108477199
237.40742185, ,20.38786273223803
302.973891464, ,82.35253445401217
275.283613018, ,37.15088059424533
5.10051259443, ,1.146834412434025
144.099440857, ,14.994795266215212
41.4758060535, ,4.904804576889972
148.283546972, ,3.5926842409839614
44.6060397197, ,1.2129343759326459
241.858622455, ,3.9206678236632477
416.381152359, ,12.807795279021898
14.2643705142, ,0.6426070026698932
71.5600704902, ,12.53226620481055
312.086612027, ,251.72113457775757
141.663378663, ,28.51145783858591
340.57683176, ,27.85296839644213
741.192509179, ,325.10861641622864
688.279952088, ,15.596357160715256
277.996525435, ,14.545491771655382
272.431892199, ,6.028015050058847
174.601921574, ,28.009008700440667
32.7829452137, ,5.4958200598286355
117.500503598, ,17.281065164596676
123.37057551, ,6.211262314463423
180.920539585, ,180.9204819759534
298.03618261, ,95.23912291259971
44.55195974, ,18.16986913787346
38.3579356, ,11.629041174463545
251.61377827, ,187.60368009477298
150.515759933, ,65.32496249633274
46.5816577199, ,18.972442162713342
120.168815649, ,31.335319281320082
97.4245373959, ,48.33661335551023
94.0400174127, ,10.817287642161034
129.855282371, ,21.84448933720065
381.439351508, ,295.08230596024725
394.562868061, ,191.6839219084188
0.534005611832, ,0.5340002340823456
247.92427544, ,127.0032252544031
328.023876705, ,1.214700000360608
41.709376223, ,28.7790917467219
61.5358492086, ,61.53577743676527
159.151910464, ,135.41898350496047
199.006235775, ,10.464897797698164
158.917400468, ,158.9173475238677
82.5724752093, ,82.57241462024551
150.703127931, ,150.7031538429
42.3924375697, ,18.805297034663667
133.663159513, ,17.99629798240778
191.20285899, ,40.07394772452736
475.06104066, ,14.167250608632475
496.787763214, ,3.8717958357753663
268.566589566, ,1.7905668938609176
305.559874355, ,2.1551200661375542
764.963213987, ,4.882329334201602
123.724310472, ,122.49745304931328
37.1518033123, ,13.154113192185676
128.921637063, ,0.398315276303638
413.437655188, ,4.364880634427346
282.844770623, ,14.086430982260357
0.0837799420161, ,0.08372843030995385
260.209169469, ,260.2092019884471
340.772676425, ,340.77267324151387
467.358514492, ,51.960412860100796
106.553313564, ,106.55328401308137
62.2944121313, ,0.17090073092508287
121.270505171, ,5.829794379248746
84.993774204, ,84.99374551493469
35.7853098109, ,35.78528362370117
315.442635732, ,308.442464445984
31.1432857737, ,30.38499954692357
21.0586983097, ,20.57153948632925
53.7938990187, ,42.91406101159314
41.8381545779, ,19.67027208594334
352.581264303, ,352.58125256189953
128.318149607, ,128.3181773522166
426.828762531, ,169.79266408080153
771.072303932, ,526.1346268513129
751.620734692, ,8.503026296785844
303.902599716, ,295.71823932639717
269.439365134, ,143.44016308461386
515.689965712, ,166.5941211396371
674.924098936, ,17.0576288830309
109.699729915, ,109.69977148516365
198.057111805, ,198.05710243649477
435.893926786, ,381.32241931869953
514.994102395, ,514.9941276371336
479.166029809, ,62.657480749190704
765.428833189, ,572.5774403811362
76.3018695644, ,0.37477872123645306
658.252565693, ,457.1472154794703
223.338199797, ,22.08717428141466
213.906618141, ,1.7436572631621405
316.337230591, ,114.39389572260824
194.388935467, ,16.34310724195273
864.621425354, ,350.5675226791546
130.974956758, ,124.40362440154355
61.7805271015, ,61.780558782176854
231.889240866, ,23.136294608375433
64.459750362, ,21.478745392716906
96.0599814955,43,96.0600409178893
4.25462913273,43,4.254667632880003
109.9255496,43,109.92562646086022
7.67643780149,43,7.67643974018458
105.512939266,43,105.51302017806529
2.20798793207,43,2.208029431772325
9.47045746834,20,9.470362733878593
59.1913868169,20,59.19133650390377
49.5534773785,43,49.55342678329639
1.25881248664,43,1.2590320496572387
97.5692500813,20,97.56926863923783
23.3262522376,20,18.68877902176291
68.1353200221,43,68.13551560559608
56.3116768531,20,56.31162164638664
84.2148211612,20,84.2148489104856
144.97668908,43,144.97678235435725
73.1529606292,43,73.15293794639265
54.4891396663,20,53.31382798499663
6.35998413467,43,6.359954667058677
356.889048343,20,258.34465268024195
174.961593743,20,174.9616003016947
49.5851297388,20,49.58520426711623
272.672793475,49-2,249.14469202059246
118.782695954,20,118.78277195718572
163.026191242,20,161.66549299691545
35.1886169424,20,35.188595467620395
170.722849015,18,166.58568926184526
170.722849015,20,4.137283250978899
227.569565589,20,227.56947664600466
61.7897554099,20,61.78975634873409
17.1403467155,20,17.140312739969602
101.503372871,20,101.50339852971726
93.8789075861,18,3.6222384484538797
93.8789075861,20,90.25670443948401
212.054665696,18,212.05472704371005
2.87154136886,18,2.871525631780529
86.6673759162,18,15.001313824616176
86.6673759162,20,71.6660364366862
290.228926551,20,290.2289231495682
32.9891658026,18,4.000896101530563
32.9891658026,20,28.988243463660872
724.757744915,18,166.52172661890606
50.4781740923,18,39.45283176820247
50.4781740923,20,11.025374528338606
342.271028597,20,342.27109244235254
210.166363162,18,210.16642419815963
12.0989226212,18,10.713523119625822
12.0989226212,20,1.3853974819394983
34.6682753053,18,14.877139652745331
34.6682753053,20,19.791073827971722
104.956122849,18,104.95615361684713
102.45646985,18,102.4565180921401
20.375424539,18,20.375406510317553
240.047545459,18,240.04758550700177
435.870769773,20,435.87075669850606
180.587709166,20,180.5877717418103
132.87489883,18,132.8748900037747
397.595768454,18,397.5957075754999
93.8163366167,18,93.81638154279676
291.000227935,18,291.00026941233335
57.1391998339,18,57.13917173082561
396.015824122,20,396.01587911554816
60.685469106,18,60.68545743049483
123.575807044,18,123.57579175824338
18.2301454589,20,18.230116211465976
160.04546992,20,160.0454699099668
15.3482720343,20,15.348303839687567
178.664293137,20,178.66432687685267
293.397838899,18,293.39777037357317
36.8558325831,20,36.85581255362468
118.811057286,16,118.81103552727124
153.147293194,16,153.1472520922104
15.0707927435,16,15.07070392713451
237.40742185,16,217.01965499724446
63.4325867819,34,63.43272889138326
9.35934208743,34,9.35949185049838
302.973891464,34,220.6214136605299
26.7606638736,18,26.760704578724443
50.2950320491,18,50.294975793420235
63.4839791626,18,63.48395049361484
261.887434495,18,261.88743314601834
24.5970770122,18,24.59713923229687
25.4519367862,18,25.451821155865343
21.2501413475,18,21.250098330995826
1.28032520164,18,1.2803379591171045
85.2897505929,34,85.28967819718382
88.4393235191,18,88.43933131864688
0.062499247957,18,0.0625
35.3689700961,18,35.36896314379831
100.010800291,18,100.01082422601782
18.5972221093,18,18.597246813245143
69.7081524934,49-1,69.70808547904664
272.684014646,49-1,272.683966820768
4.83636380009,49-1,4.836401215369065
138.422537127,18,138.42253206496812
131.958151394,18,131.95820607865528
4.27256818373,18,4.272526332075522
122.613290632,49-1,122.61334846779963
185.923089605,16,172.49387415319822
185.923089605,18,13.429084828237203
784.638556775,16,768.8697303585835
784.638556775,18,15.768849332395694
275.283613018,35,238.1326916564707
82.4836659874,18,82.48368813191195
41.0378998432,19,41.03785309015586
5.10051259443,19,3.953673220788195
1.30489155577,19,1.3048848302407123
25.0960505316,19,25.09600979064244
144.099440857,21,129.10455028794465
4.05388301356,19,4.05392604053742
41.4758060535,19,36.57087989559196
18.0319719721,19,18.03197841383054
2.85972849874,19,2.8597780379655453
148.283546972,49-1,144.6907906293972
337.15746802,16,337.1573655611056
205.631006018,49-1,205.63112236723657
44.6060397197,17,43.393001968440345
25.3196865225,16,25.31973262542164
206.500011029,16,206.50010856303882
156.840339225,25,156.84033892906297
149.133341309,19,149.13353205278761
112.538452011,19,112.53862810808218
258.079668055,21,258.079647868724
273.114551155,16,273.11460038686533
14.8703325564,17,14.301461958121997
14.8703325564,19,0.5688627956594995
17.0832698231,17,8.744836309023162
17.0832698231,19,8.338417385590162
135.980175133,21,135.98012197893678
17.5193871882,19,17.51940446925706
82.9449534415,14,82.94500019311347
140.328341412,14,140.32837195334596
70.6484064897,19,70.648476233222
45.1217715573,17,40.71147883998961
45.1217715573,19,4.410235849767038
87.688712664,16,87.6887477877662
99.4143348778,16,99.41434227341088
16.2691704663,16,16.26908008777667
167.289561547,16,167.28956144419092
221.337474199,17,221.3374599360128
43.4875935015,32,43.48745807975653
19.9129212432,32,19.912818022539447
24.1436020363,32,24.143613782104275
3.37598224758,32,3.375904905900881
60.9714864951,19,60.97142945363016
112.596814967,32,112.59694510406392
34.1919584026,32,34.19200473902499
5.35596794751,32,5.356096610412218
156.726757987,16,156.72682267667494
6.26364035173,14,6.26368436244963
159.682624909,14,159.6826174296735
3.93798188272,14,3.937906953068832
4.59294864772,14,4.5928451539584305
241.858622455,25,237.9379009784147
55.8229378765,33,46.18837840714324
55.8229378765,32,9.634577130809932
416.381152359,14,403.57334451127684
444.622295406,19,444.62246163761165
16.1351767138,32,16.135207970754635
509.464472379,19,509.4645574464381
331.493412705,17,318.5291358559025
331.493412705,19,12.964206037614202
153.283271472,17,153.28332250244793
14.2643705142,14,13.62185496282211
2.94664401007,14,2.9465020788313576
186.607532972,14,186.60754165110183
567.388485121,32,567.3885505220168
93.1947025881,17,93.1947034297004
49.6287638905,17,49.62878896325245
170.321011281,33,162.17456101406725
170.321011281,32,8.146395252759682
469.660665388,19,147.7388057170976
469.660665388,21,321.9219235808974
71.5600704902,32,59.02780156206907
312.086612027,61,60.36543837099622
228.779944878,14,228.77993378422428
62.058257144,17,62.05823221800306
358.91807622,32,358.9179016279481
174.258750233,19,174.25876575138952
131.791827562,19,131.79199405247928
25.2422809567,13,17.268779261022758
25.2422809567,17,7.97353766460997
30.0504005929,13,30.05040415100483
34.7054815891,13,34.70542107722332
141.663378663,25,113.1519907176181
62.9974345872,19,62.99744322628976
35.7872806793,25,35.78721868155593
160.048325705,13,160.0484236072341
94.1567004518,19,94.1567199010774
317.614759764,33,279.01051550202754
317.614759764,32,38.60428490307629
35.0582505992,61,35.058252432496076
486.538081209,17,469.6795740860949
486.538081209,19,16.858575651479136
19.6336758145,17,17.81387933860164
19.6336758145,19,1.81985999859683
229.747023212,17,229.74695113097843
340.57683176,13,312.72385716441283
66.4732089,13,66.47325072891937
27.5491330618,13,27.549143486020753
130.95365243,61,130.95361545978784
178.149030578,61,178.1489378367383
160.980723327,61,160.98073160761277
0.0624992458615,61,0.0625
43.565953186,61,43.56597494109553
27.3531567677,61,27.353178609455814
43.5441227813,13,30.3290356586155
43.5441227813,31,13.215122139648296
122.541432453,25,122.54137531423632
54.4841410598,17,54.484149581802725
142.568258556,61,142.56821595428787
22.0358874323,26,22.035926132118696
52.6410282938,26,52.64104406041122
129.18316403,61,129.18316410707692
105.86593118,61,105.86590708699315
741.192509179,25,416.0838647571718
24.7738208944,61,24.77376784979311
114.84641168,26,114.84638284408354
399.17928668,31,394.2418660483995
399.17928668,17,4.937367297832804
167.922821325,26,167.9227946342137
0.0625019032741,26,0.0625
162.991625007,26,162.9916099649091
36.9575425377,WS5,5.618866729675569
36.9575425377,26,31.33868084647858
180.718791169,WS5,2.7994268737623287
180.718791169,26,154.22412663479204
180.718791169,25,23.695268519069504
16.4189549908,WS5,16.41889525180332
398.761071617,13,398.7610014132928
96.1032038193,61,96.10314208056596
70.3478965312,27,65.89183259927802
70.3478965312,26,4.4560603186398104
77.0615040666,27,64.41102896966784
77.0615040666,26,12.65041052097046
109.790905886,13,109.79086957457426
104.319208658,13,93.16833111930669
104.319208658,31,11.150882587113877
332.42768889,26,332.4276149136732
303.612109327,26,303.61210243073344
47.4979549697,61,47.49798223807177
688.279952088,61,672.683695925954
186.87810543,WS5,186.8781287070506
101.117727815,WS5,44.75085603139381
101.117727815,26,56.36682703871781
277.996525435,WS5,2.5724543808909184
277.996525435,61,260.8785911683073
215.313102766,27,215.31313765835634
161.255500401,WS5,161.25552676914455
181.264387222,26,181.26447165827358
47.1348527002,27,47.13488768252029
39.1577174243,27,33.626834242921014
39.1577174243,26,5.5308585408812
153.262424218,26,153.2624859159422
24.2958446887,26,24.29580077658698
98.357128223,26,98.35706084523956
37.3085704891,WS5,37.30847637799034
254.268949241,30,254.26904011386165
23.8110305681,30,23.8110910414121
157.670004134,26,157.6699743370717
272.431892199,61,17.01529808255022
272.431892199,LTSP FM,249.38860589831071
2.55009287519,61,2.550068301516223
446.903467184,30,433.61630270512575
446.903467184,13,13.287067804115452
211.602931734,27,211.60295580062754
26.9655162508,27,26.96550178933098
321.325133076,27,321.3251998870808
95.9964597938,27,95.9965136605736
62.035077004,27,62.03509701400542
81.23596014,27,81.23592331637231
419.341699924,61,419.341732925961
85.1129527622,61,85.11298914905905
173.743707293,27,173.7438035919641
32.5006582002,27,32.50064333862078
4.10377492059,27,4.103800351930688
49.8289834139,27,49.829042056900434
24.2406032522,27,24.240591085994854
107.05904643,27,19.372988023018046
107.05904643,26,87.68610600838797
174.601921574,WS5,108.01898400194658
174.601921574,61,38.57387809202447
96.8961879706,26,96.89615801698334
136.575507691,26,136.57550808953775
15.8514031418,27,15.851357567983966
28.3247521201,27,28.324816352772878
46.512582483,27,46.512630423152565
32.7829452137,WS5,10.02486776281742
32.7829452137,61,17.262265209998894
139.204242837,61,139.20423985407396
25.0323483268,61,25.032346861814638
223.148848118,26,223.14886990062936
163.93550478,WS5,163.9354082418829
131.918372967,26,131.91834946173086
353.936412049,61,353.93636539675765
49.846031128,WS5,49.84607122978078
137.59323844,61,137.593293925934
117.500503598,WS5,5.663519089597513
117.500503598,61,94.55596311714226
85.3990987129,61,85.3991300297989
75.1863630935,26,75.18634467257542
161.356255706,27,3.9446625564537334
161.356255706,26,157.41148996750746
139.397578432,27,139.39756911945966
140.376793586,27,140.37682344547034
231.044302789,27,231.04425963384443
66.4255896535,26,66.42553877005821
78.7181178118,27,78.45057029375121
78.7181178118,26,0.26756924337282756
44.313578747,27,44.31363337114719
69.3620582942,27,69.36208211346039
47.6295284551,27,47.6294534912186
45.4681914338,27,45.46812674636142
75.6017772266,WS5,75.60179530505158
89.5437961062,27,89.54381999237032
80.400736702,27,80.40077057192161
188.948095775,27,188.94809485345752
194.095898674,WS5,194.09582190273684
182.852707852,61,182.8527686292609
123.37057551,27,116.94879072719921
123.37057551,26,0.21055189361423157
15.4680533744,WS5,15.468060452788135
298.03618261,27,202.7971008887002
44.55195974,9,26.382011615181224
145.050090851,WS5,145.05007837735158
126.043834685,WS5,126.04382551585388
340.925602212,61,340.92567175776446
231.408834028,61,231.40883036757373
33.836286899,WS5,33.83626586505419
368.037215739,WS5,368.0374717101701
95.5771853671,WS5,95.57719421375195
240.118944217,WS5,240.11900109719016
341.955366296,WS5,341.95533377953876
79.0956034262,WS5,79.09555801292547
162.020073853,WS5,162.02003351533108
38.3579356,WS5,26.728973630868218
52.7358832728,WS5,52.73587390548874
0.0567065441731,WS5,0.05673463321070029
85.4621988897,WS5,85.46218902499368
552.022673387,61,125.97676647766883
552.022673387,LTSP FM,426.0459455932996
251.61377827,9,64.01015430324229
44.1340911335,9,44.134163999394566
48.2000859165,9,48.20001039145396
299.919015806,9,299.9190050838099
38.7008106652,9,38.70078903718907
36.1973585283,9,36.197456214412966
115.325700652,WS5,115.32574373528489
150.515759933,9,85.19074709798396
215.545600358,61,215.54554108112416
526.542973806,61,526.5430025295437
126.246271448,WS5,126.24617048474023
163.062995249,9,163.06301416193665
46.5816577199,WS5,27.60921906851634
120.168815649,WS5,88.8335254714959
18.2661964055,WS5,18.26624288499819
107.85090658,WS5,107.85088641272796
159.300854187,WS5,159.3007843763746
128.322827118,WS5,128.3228388533451
97.4245373959,9,49.08788150327719
90.521130391,9,90.52116327128637
80.4233609321,9,80.42340139744829
94.0400174127,WS5,83.22275938612202
129.855282371,39,108.01085731230954
280.628394953,WS5,280.62843147037387
111.195900852,9,111.19583010598815
381.439351508,39,64.17398768509273
381.439351508,61,22.183015874207165
694.716104497,9,694.716069597024
279.695957443,9,279.69591239395226
203.272562802,9,203.27253773087446
14.534522772,9,14.534582899210204
394.562868061,9,202.87899799288863
247.92427544,9,120.92106948025581
328.023876705,9,326.8092272027874
41.709376223,9,12.93027309276658
160.412935718,WS4,3.2479975774535546
160.412935718,39,157.16494399856148
81.3587432736,9,81.35877767761156
177.917819691,9,177.91778800099095
159.151910464,7,23.73300440206352
12.3041575133,7,12.304183231978175
5.00002738014,7,5.0
172.968087256,9,172.9680344748413
199.006235775,9,188.5413463112092
78.6500091786,9,78.65003643385342
134.978559275,9,134.97854694585132
180.187997536,9,180.18798225456237
36.561365511,9,36.561347885364476
22.0246582141,7,8.568001251484542
22.0246582141,9,13.456629174844917
32.1091082924,9,32.10913440996514
51.0941731668,9,51.094172981644235
24.4567011313,7,24.456696144036663
42.3924375697,7,23.587222431630263
274.721674136,9,274.7216302973611
133.663159513,7,115.66676406892313
108.746183961,9,108.74612324219346
242.733212523,9,242.7331924604052
191.20285899,WS1,151.12897704668782
96.6650786058,9,96.6651151879204
620.505281621,9,620.505263459587
117.282443719,9,117.28250381311865
19.4551664722,9,19.45517742449406
317.375355306,9,317.3753548664702
74.5610675051,9,74.56111077925061
53.0035859043,9,53.00355904912391
239.306817484,7,239.3068740501088
297.3162695,7,297.31635702344056
106.832283668,WS1,106.83226931995347
134.932770658,WS3,134.93269585143932
223.953207113,5,223.95332696039367
50.9942699861,WS1,50.99432222946855
53.0658854897,WS1,53.06588742264942
20.6434485974,WS1,20.64341845625946
76.308048739,WS1,76.3080170603061
162.971816036,WS1,162.97182714772356
17.1831705381,WS1,17.183117438937174
299.809574411,WS1,299.8095999541211
243.240972269,WS1,243.24099298561634
45.876905783,5,45.87686701456967
254.278341872,5,254.27830303225244
207.579739755,7,207.57973281982783
100.495114962,7,100.49507350463612
27.7445042674,5,6.1836050464356465
27.7445042674,7,21.56094601317786
105.649425246,5,105.64936402727048
32.0352379844,WS1,32.03527253388596
25.6144710177,WS1,25.61440531034123
22.7115529778,WS1,22.71146310080257
13.8988727155,7,13.898875643246543
18.3842949981,5,10.224247353681532
18.3842949981,7,8.160060298674427
20.3881150611,WS1,20.388098336692142
1.69776758974,7,1.6977824751497843
25.8059465424,7,25.80597879572876
475.06104066,5,460.89375736863167
301.085187138,5,301.08511979037826
25.1188507263,WS1,25.118879177943484
28.1738258194,WS1,28.173838687700595
29.2758540662,5,29.27590951362611
91.6637199184,WS1,91.66379792769091
185.732306575,9,185.73234847111854
13.6392205102,9,13.639155881062514
219.665201766,9,219.66519248089048
47.999935025,9,47.99994558865727
223.74507313,5,223.74504440402373
496.787763214,WS2,492.9160005928652
40.9491066471,9,40.94913476973969
117.818619373,WS1,117.81857194119979
46.5965497011,7,37.476762878414455
46.5965497011,9,9.119771745662339
430.381285899,7,430.3813315998337
155.634209905,WS1,155.6341698904227
168.715519252,5,14.444696556604038
168.715519252,7,154.2708622210106
104.489246387,7,104.48933904168433
28.0301204631,7,28.03004380962974
57.3078819844,7,57.30801138736125
232.959373497,5,232.9593417459104
26.0185361284,5,25.699498857956442
26.0185361284,7,0.31897040653962594
14.1440551943,5,14.143973358190939
585.533892679,WS2,585.533937577975
256.511042306,9,256.5109497875359
259.075326241,5,256.02500238427115
259.075326241,7,3.0505019337456742
191.235260155,WS1,191.2352413506066
263.875617638,7,263.87563810537563
175.036039584,WS1,175.03607872112804
727.303388749,7,559.1500402301834
727.303388749,9,168.15333763764528
27.6165850831,WS1,27.616588159065408
102.527978527,WS2,102.52798881410519
27.9286594865,WS1,27.928678017862595
598.581437776,WS3,598.5814417634725
7.52895867975,WS1,7.528953173916868
187.364841756,WS1,187.3649101538313
23.8639609032,7,23.863971180233378
466.729566781,WS13,35.66096940079095
466.729566781,WS2,431.0685630817236
41.3844977482,WS1,41.38456036648269
85.5071177522,WS1,85.50717437110418
24.5930415493,WS1,24.59302092309704
118.132700137,5,118.1327697321251
154.981350883,7,143.10022944141826
154.981350883,9,11.881130991245684
106.747863056,7,106.74783771553804
44.6875075081,WS1,44.68749349986636
48.5695957446,WS1,48.569635670359915
144.381658722,5,36.25001622636232
144.381658722,7,108.13152213098297
220.15461597,5,220.15463955764335
91.1626293842,WS13,76.51710128650578
91.1626293842,WS1,14.64551756372559
167.712870758,WS1,167.7128112367539
46.8043234577,WS1,46.80436540611256
300.397176825,WS1,210.7051395088005
300.397176825,WS10,89.69201391494408
96.7551362274,WS1,96.75509273953358
218.559909404,7,218.559869993569
33.9283605319,WS13,33.92829951009155
547.034519159,WS13,46.7637656455994
547.034519159,WS3,494.83315701920054
547.034519159,WS2,5.437590408189035
171.072060658,WS13,144.52873677279425
171.072060658,WS2,26.543300064404782
268.566589566,WS1,266.7760079683954
305.559874355,WS1,303.40469446243293
115.264023187,WS1,115.26409648387488
127.293417288,WS1,127.29340141491105
107.110377989,7,107.11031056985742
35.2049402519,WS1,35.20488468451812
764.963213987,WS3,760.080956891183
38.707128843,WS7,7.284428678558986
38.707128843,WS13,0.008747571392487547
38.707128843,WS3,31.4140099535975
385.436659706,5,385.4366045215189
67.9893173189,7,67.98935293284882
87.9813682955,WS1,87.98137869556074
192.773940472,WS1,192.77396615572135
68.5260157504,5,68.52597707499828
207.561095504,5,207.56113330918413
188.671113203,7,188.67108741115283
68.2080725821,7,68.20810557507109
364.107899687,5,364.10798113604255
247.446545213,WS1,247.4466117208968
511.795433249,WS3,511.79541875813584
64.8726011667,WS7,52.03787867035495
64.8726011667,WS3,12.834690442061742
121.540181802,WS1,121.54022708126298
130.705098967,WS1,130.70507064220092
34.6432478103,WS7,12.787498247385178
34.6432478103,WS3,21.855781232733634
500.840487773,WS3,500.84046195356024
179.801054656,WS3,179.80110393800965
223.922754448,5,223.92269249187387
80.9887694614,WS7,7.7319879551704185
80.9887694614,WS3,73.2567291739215
353.153491776,WS1,353.1536309022657
467.856781328,5,466.1191007191515
467.856781328,7,1.7376184881990446
104.230868131,5,104.23080011471448
235.649902452,7,235.64997696785287
24.6009990565,5,24.601018933436247
253.659295059,5,253.65934252924464
270.035076702,5,270.03517522399443
538.226320867,5,133.7868750365697
538.226320867,7,404.4394174937551
170.366315911,WS7,140.37302543247424
170.366315911,WS3,29.993274310850396
77.4600093881,WS3,77.4600477713065
3.42231333668,WS3,3.4223233550762466
134.808164847,5,134.8081037855261
25.8763380518,5,25.87627198946251
36.4377705994,WS7,22.399034072552055
36.4377705994,WS3,14.038788569578156
30.0405778202,5,30.040632400105707
417.836031833,WS13,417.83616520640084
178.696950712,WS13,178.69693846495343
123.724310472,73,1.2268254197738517
2.64427147568,73,2.6441393781667566
153.915426694,WS7,63.20950461304902
153.915426694,WS3,90.70587590940228
431.915247402,5,431.91518081846095
94.4825385726,WS7,94.48260693512881
225.080021467,WS13,225.08008495439304
103.543847538,73,103.54385566626429
37.1518033123,73,23.99769359805247
47.4039522791,73,47.404035543942854
135.746197219,5,135.74613284512193
128.921637063,WS13,128.5233087722194
413.437655188,WS7,318.3127462390964
413.437655188,WS13,90.75997426694565
230.622904394,5,230.62300115316324
170.524934674,5,35.36910588624086
170.524934674,7,135.15588010048535
142.398238803,5,12.201096814805066
142.398238803,7,130.19716504085952
146.841845375,73,146.8418282667035
43.7504618201,73,43.750637783485935
282.844770623,73,268.7583143367382
209.31631327,5,209.31640754083637
402.989810811,5,402.9897898034014
76.4186202279,73,76.41866939154343
186.518495561,5,186.5184772000544
143.527270354,73,143.52736395571512
395.21854969,WS7,395.2186056972708
144.33502903,WS7,144.33488799613406
405.983987797,5,583.7867556370111
28.4253211227,73,28.42534213705785
467.358514492,73,415.398081297889
143.112200114,73,143.11217381648268
10.9732256271,73,10.973258476971164
33.142420807,73,33.14238950212331
213.655127742,WS7,213.65487916685495
62.2944121313,72,62.1235255208845
121.270505171,72,115.44076004414904
315.442635732,45,7.000189623912233
31.1432857737,45,0.75822556009433
21.0586983097,45,0.48714163208145245
53.7938990187,45,10.879861804634274
41.8381545779,45,22.16786037821214
19.6479337653,45,19.64798166328951
26.076420582,45,26.076363362408568
443.771495063,72,443.7715567401648
20.8379622892,70,20.837920433717976
173.670967605,60,173.67104740377604
204.019373008,72,204.01938736828498
110.14045235,45,110.14040949564685
123.876988473,45,123.87702615456116
269.53438062,73,269.5343922262781
426.828762531,45,257.03615865058134
771.072303932,45,244.93767996562983
386.020914371,45,386.02093093178144
71.2516158422,72,71.25161473048854
91.0934621972,72,91.09341311957539
21.2749166404,45,21.27498048629753
751.620734692,73,743.1177284932571
367.436607091,45,367.4366486842451
119.872344049,45,119.87235904303812
181.402100827,70,181.40211484938175
303.902599716,45,8.184378657095936
133.967233743,45,133.96725471543309
434.792829549,45,434.79286278183554
269.439365134,72,125.99914391277248
410.600919255,70,410.6008997969502
344.431420758,60,344.4313135428844
13.0389301428,60,13.0390048579861
71.9559589916,60,71.9560076823627
43.5886063353,60,43.588555353732374
77.4807779581,45,77.48074299954209
187.299633182,45,187.29959929535352
197.853185958,45,197.85321318500638
283.917030659,72,252.79525389054834
283.917030659,70,31.121864317772026
85.2965045068,70,85.29650851414584
0.0624992458615,70,0.0625
625.54793631,70,625.54788360158
130.171429336,60,130.17149025769913
397.721742664,72,286.97083711856874
397.721742664,70,110.75087632031565
504.299018719,70,504.299115370642
737.202267827,45,737.2022996902392
515.689965712,70,349.09576153772485
357.600957729,45,357.6009630666801
434.446190486,45,434.44631265777997
1082.02888033,45,1082.0289472233296
674.924098936,45,657.866474812701
117.564235448,45,117.56419609434502
152.287537415,45,152.28747200087912
435.893926786,45,54.57145988510176
47.7134906946,45,47.71351555594582
482.323060979,45,482.32296836170923
221.949833201,45,221.94981971691303
523.825384677,45,523.8253986676626
121.341691498,45,121.34171412587212
692.335442683,45,692.3354726363638
110.786526667,45,110.78646774203428
285.275263973,45,285.27529082252227
479.166029809,45,416.5084542856576
765.428833189,45,192.85147575096198
37.3181575094,45,37.31812891569249
76.3018695644,45,75.9270488764025
658.252565693,8,201.1054126448928
63.1436487373,8,63.14360307995361
59.8867037594,8,59.8867210902734
223.338199797,8,201.25098046247479
213.906618141,8,212.16301795922703
54.1155559373,8,54.115600704947255
316.337230591,8,201.9433763163251
64.2505405008,90,64.25051467300153
194.388935467,90,178.04583546498657
864.621425354,90,514.053974441744
130.974956758,90,6.571477610134784
231.889240866,90,208.75306328219844
64.459750362,90,42.98098365288061
