AREA,PERIMETER,SURF_GEO_T,A1,A2,A3,A4,A5,SURF_GEO_G,Shape_Length,Shape_Area
81628.5,1404.81005859375,"Veneer: cobble-boulder diamict, silty-loam matrix",Veneer,cobble-boulder diamict,silty-loam matrix, , ,residium,1404.8142281370767,81628.46875
3842.030029296875,435.7040100097656,"Veneer: cobble to boulder diamict, silty loam matrix",Veneer,cobble to boulder diamict,silty loam matrix, , , ,435.7036061149318,3842.03125
250245.0,64527.3984375,"Channel-way, cobbles-boulders, alluvial (may include active narrow floodplain)",Channel-way,cobbles-boulders,alluvial,may include active narrow floodplain, ,streams,64527.369082687306,250245.1875
356705.0,4970.97021484375,"Veneer: cobble-boulder diamict, silty-loam matrix",Veneer,cobble-boulder diamict,silty-loam matrix, , ,residium,4970.97006468073,356705.046875
4385.419921875,430.3389892578125,"Terrace, 2 to 4m above active channel, alluvial",Terrace,2 to 4m above active channel,alluvial, , ,streams,430.3385390482722,4385.421875
4226820.0,50690.69921875,"Veneer: cobble to boulder diamict, silty loam matrix",Veneer,cobble to boulder diamict,silty loam matrix, , ,colluvium,50690.67568226547,4226818.0625
1759670.0,39766.5,"Veneer: cobble to boulder diamict, silty loam matrix",Veneer,cobble to boulder diamict,silty loam matrix, , , ,39766.50995447946,1759670.46875
4764030.0,71717.6015625,"Veneer: cobble-boulder diamict, silty-loam matrix",Veneer,cobble-boulder diamict,silty-loam matrix, , ,residium,71717.57448485594,4764030.3125
151330.0,3184.340087890625,"Veneer: cobble-boulder diamict, silty-loam matrix",Veneer,cobble-boulder diamict,silty-loam matrix, , ,residium,3184.343087184383,151329.90625
63777.8984375,2272.260009765625,"Veneer: cobble-boulder diamict, silty-loam matrix",Veneer,cobble-boulder diamict,silty-loam matrix, , ,streams,2272.256926028151,63777.921875
45764.19921875,1249.6500244140625,"Veneer: cobble-boulder diamict, silty-loam matrix",Veneer,cobble-boulder diamict,silty-loam matrix, , ,streams,1249.649880873679,45764.234375
2588.389892578125,313.01800537109375,"Terrace, 2 to 4m above active channel, alluvial",Terrace,2 to 4m above active channel,alluvial, , ,streams,313.01756828078993,2588.390625
653.18798828125,199.94900512695312,"Veneer: cobble to boulder diamict, silty loam matrix",Veneer,cobble to boulder diamict,silty loam matrix, , , ,199.94931318623244,653.1875
1557.1600341796875,196.80499267578125,"High-level fan-terraces, cobble-boulder diamict, silty-loam matrix, alluvial",High-level fan-terraces,cobble-boulder diamict,silty-loam matrix,alluvial, ,fans,196.8049284918115,1557.15625
696.4840087890625,177.18499755859375,"Apron, cobble-boulder diamict with silty loam matrix",Apron,cobble-boulder diamict,silty loam matrix,Pottsville boulder apron, ,colluvium,177.18542425750172,696.484375
29001.80078125,1241.7099609375,"Veneer: cobble-boulder diamict, silty-loam matrix",Veneer,cobble-boulder diamict,silty-loam matrix, , ,residium,1241.705972191913,29001.78125
570.75,263.86199951171875,"Channel-way, cobbles-boulders, alluvial (may include active narrow floodplain)",Channel-way,cobbles-boulders,alluvial,may include active narrow floodplain, ,streams,263.8621926482659,570.75
114.25,93.44879913330078,"Veneer: cobble-boulder diamict, silty-loam matrix",Veneer,cobble-boulder diamict,silty-loam matrix, , ,residium,93.44880817530358,114.25
453.968994140625,139.7469940185547,"Terrace, 2 to 4m above active channel, alluvial",Terrace,2 to 4m above active channel,alluvial, , ,streams,139.747386994778,453.96875
656.7969970703125,131.07899475097656,"Apron, cobble-boulder diamict with silty loam matrix",Apron,cobble-boulder diamict,silty loam matrix,Pottsville boulder apron, ,colluvium,131.07887481113215,656.796875
448.031005859375,112.4540023803711,"Terrace, 2 to 4m above active channel, alluvial",Terrace,2 to 4m above active channel,alluvial, , ,streams,112.45432585048214,448.03125
2830.889892578125,470.8240051269531,"Floodplain 2 (1 to 2m above channel), cobble-boulder-loam, alluvial",Floodplain 2,1 to 2m above channel,cobble-boulder-loam,alluvial, ,streams,470.8239968226621,2830.890625
6885.91015625,742.5540161132812,"Block field, boulders",Block field,boulders, , , ,colluvium,742.553774579226,6885.90625
1154.969970703125,395.21600341796875,streams and other unclassified areas,streams and other unclassified areas, , , , ,streams,395.21581156722743,1154.96875
65121.5,3120.219970703125,"Veneer: cobble-boulder diamict, silty-loam matrix",Veneer,cobble-boulder diamict,silty-loam matrix, , ,residium,3120.221777396096,65121.5
1383.56005859375,161.0030059814453,"Cove deposit, cobble-boulder diamict with silty loam matrix",Cove deposit,cobble-boulder diamict,silty loam matrix, , ,colluvium,161.0025366158444,1383.5625
586.906005859375,154.625,"Floodplain 2 (1 to 2m above channel), cobble-boulder-loam, alluvial",Floodplain 2,1 to 2m above channel,cobble-boulder-loam,alluvial, ,streams,154.62529595485395,586.90625
110607.0,2555.050048828125,"Veneer: cobble-boulder diamict, silty-loam matrix",Veneer,cobble-boulder diamict,silty-loam matrix, , ,residium,2555.054022845619,110606.546875
14555.7001953125,603.9429931640625,"Veneer: cobble to boulder diamict, silty loam matrix",Veneer,cobble to boulder diamict,silty loam matrix, , ,colluvium,603.9428390574225,14555.6875
5084.93994140625,400.447998046875,"Veneer: cobble to boulder diamict, silty loam matrix",Veneer,cobble to boulder diamict,silty loam matrix, , , ,400.4482664868762,5084.9375
901.31298828125,412.7650146484375,streams and other unclassified areas,streams and other unclassified areas, , , , ,streams,412.76463536190477,901.3125
4118.22021484375,253.34800720214844,"Block field, cobbles-boulders",Block field,cobbles-boulders, , , ,colluvium,253.34774747904595,4118.21875
2922.5,542.0809936523438,"Block field, boulders",Block field,boulders, , , ,colluvium,542.0810918326774,2922.5
283.0469970703125,80.05960083007812,"Terrace, 4 to 6m above active channel, alluvial",Terrace,4 to 6m above active channel,alluvial, , ,streams,80.05961035575254,283.046875
1758.8399658203125,266.82501220703125,"Terrace, 4 to 6m above active channel, alluvial",Terrace,4 to 6m above active channel,alluvial, , ,streams,266.8251983220929,1758.84375
1201.8900146484375,292.6549987792969,"Apron, cobble-boulder diamict with silty loam matrix",Apron,cobble-boulder diamict,silty loam matrix,Pottsville boulder apron, ,colluvium,292.6547225429463,1201.890625
345.2659912109375,90.70490264892578,"High-level fan-terraces, cobble-boulder diamict, silty-loam matrix, alluvial",High-level fan-terraces,cobble-boulder diamict,silty-loam matrix,alluvial, ,fans,90.70485935692412,345.265625
362.7659912109375,94.71499633789062,"High-level fan-terraces, cobble-boulder diamict, silty-loam matrix, alluvial",High-level fan-terraces,cobble-boulder diamict,silty-loam matrix,alluvial, ,fans,94.71495743105908,362.765625
3484.719970703125,420.5899963378906,"Terrace, 4 to 6m above active channel, alluvial",Terrace,4 to 6m above active channel,alluvial, , ,streams,420.59038117127113,3484.71875
1358.97998046875,142.67999267578125,"Cove deposit, cobble-boulder diamict with silty loam matrix",Cove deposit,cobble-boulder diamict,silty loam matrix, , ,colluvium,142.67962726405344,1358.984375
4917.2001953125,611.4500122070312,"Boulder, stream boulders",Boulder,stream boulders, , , ,colluvium,611.4498327369791,4917.203125
3422.530029296875,509.7550048828125,"Apron, cobble-boulder diamict with silty loam matrix",Apron,cobble-boulder diamict,silty loam matrix,Pottsville boulder apron, ,colluvium,509.7554582841411,3422.53125
2894.050048828125,421.79400634765625,"Terrace, 4 to 6m above active channel, alluvial",Terrace,4 to 6m above active channel,alluvial, , ,streams,421.7935717711714,2894.046875
23072.5,904.2030029296875,"Veneer: cobble-boulder diamict, silty-loam matrix",Veneer,cobble-boulder diamict,silty-loam matrix, , ,streams,904.2032524827241,23072.453125
261.2969970703125,71.44779968261719,"Holocene, fans, cobbles-boulders, alluvial",Holocene,fans,cobbles-boulders,alluvial, ,fans,71.44777241778972,261.296875
389.9840087890625,197.33700561523438,streams and other unclassified areas,streams and other unclassified areas, , , , ,streams,197.33685605781463,389.984375
640.9219970703125,236.84300231933594,"Apron, cobble-boulder diamict with silty loam matrix",Apron,cobble-boulder diamict,silty loam matrix,Pottsville boulder apron, ,colluvium,236.84332947058846,640.921875
936.75,260.17498779296875,"Terrace, 2 to 4m above active channel, alluvial",Terrace,2 to 4m above active channel,alluvial, , ,streams,260.1749672164442,936.75
1350.8599853515625,334.3760070800781,"Terrace, 2 to 4m above active channel, alluvial",Terrace,2 to 4m above active channel,alluvial, , ,streams,334.37553470624704,1350.859375
28580.19921875,7312.7900390625,streams and other unclassified areas,streams and other unclassified areas, , , , ,streams,7312.792354997424,28580.21875
123096.0,2652.31005859375,"Veneer: cobble-boulder diamict, loamy matrix (Price bench residium)",Veneer,cobble-boulder diamict,loamy matrix,Price bench residium, ,residium,2652.3139532771324,123096.140625
498.2340087890625,165.77200317382812,"Apron, cobble-boulder diamict with silty loam matrix",Apron,cobble-boulder diamict,silty loam matrix,Pottsville boulder apron, ,colluvium,165.77240084174935,498.234375
2213.68994140625,254.27099609375,"Floodplain 2 (1 to 2m above channel), cobble-boulder-loam, alluvial",Floodplain 2,1 to 2m above channel,cobble-boulder-loam,alluvial, ,streams,254.27070591973646,2213.6875
429.9219970703125,109.19400024414062,"High-level fan-terraces, cobble-boulder diamict, silty-loam matrix, alluvial",High-level fan-terraces,cobble-boulder diamict,silty-loam matrix,alluvial, ,fans,109.19377642484851,429.921875
1698.6300048828125,222.50999450683594,"Apron, cobble-boulder diamict with silty loam matrix",Apron,cobble-boulder diamict,silty loam matrix,Pottsville boulder apron, ,colluvium,222.51022058174811,1698.625
115.53099822998047,46.36410140991211,"Holocene, fans, cobbles-boulders, alluvial",Holocene,fans,cobbles-boulders,alluvial, ,fans,46.364054407786135,115.53125
3733.590087890625,708.22802734375,"Floodplain 2 (1 to 2m above channel), cobble-boulder-loam, alluvial",Floodplain 2,1 to 2m above channel,cobble-boulder-loam,alluvial, ,streams,708.2281292316345,3733.59375
1199.5799560546875,184.21800231933594,"Apron, cobble-boulder diamict with silty loam matrix",Apron,cobble-boulder diamict,silty loam matrix,Pottsville boulder apron, ,colluvium,184.21778715008756,1199.578125
1179.4200439453125,227.80599975585938,"Floodplain 2 (1 to 2m above channel), cobble-boulder-loam, alluvial",Floodplain 2,1 to 2m above channel,cobble-boulder-loam,alluvial, ,streams,227.806315917179,1179.421875
7818.330078125,419.656005859375,"Veneer: cobble-boulder diamict, silty-loam matrix",Veneer,cobble-boulder diamict,silty-loam matrix, , ,streams,419.65631291344596,7818.328125
8716.41015625,440.2850036621094,"Block field, cobbles-boulders",Block field,cobbles-boulders, , , ,colluvium,440.2848792068384,8716.40625
3344.8798828125,328.5889892578125,"Floodplain 2 (1 to 2m above channel), cobble-boulder-loam, alluvial",Floodplain 2,1 to 2m above channel,cobble-boulder-loam,alluvial, ,streams,328.58939794445996,3344.875
1238.1600341796875,353.87701416015625,streams and other unclassified areas,streams and other unclassified areas, , , , ,streams,353.8771812533312,1238.15625
1985.949951171875,364.8389892578125,"Floodplain 2 (1 to 2m above channel), cobble-boulder-loam, alluvial",Floodplain 2,1 to 2m above channel,cobble-boulder-loam,alluvial, ,streams,364.83871532783326,1985.953125
480913.0,4522.7998046875,"Veneer: cobble to boulder diamict, silty loam matrix",Veneer,cobble to boulder diamict,silty loam matrix, , ,colluvium,4522.796790873989,480913.375
1179.68994140625,191.9669952392578,"High-level fan-terraces, cobble-boulder diamict, silty-loam matrix, alluvial",High-level fan-terraces,cobble-boulder diamict,silty-loam matrix,alluvial, ,fans,191.96706938041186,1179.6875
1831.3299560546875,262.3699951171875,"High-level fan-terraces, cobble-boulder diamict, silty-loam matrix, alluvial",High-level fan-terraces,cobble-boulder diamict,silty-loam matrix,alluvial, ,fans,262.3700912526116,1831.328125
1106.0899658203125,348.80999755859375,streams and other unclassified areas,streams and other unclassified areas, , , , ,streams,348.80991378625913,1106.09375
15134.0,590.52001953125,"Veneer: cobble-boulder diamict, silty-loam matrix",Veneer,cobble-boulder diamict,silty-loam matrix, , ,residium,590.5203874998965,15133.984375
2845.530029296875,303.0329895019531,"Floodplain 2 (1 to 2m above channel), cobble-boulder-loam, alluvial",Floodplain 2,1 to 2m above channel,cobble-boulder-loam,alluvial, ,streams,303.03254796250263,2845.53125
3777.6298828125,276.83099365234375,streams and other unclassified areas,streams and other unclassified areas, , , , ,streams,276.83105161333015,3777.625
143.39100646972656,49.570098876953125,"Holocene, fans, cobbles-boulders, alluvial",Holocene,fans,cobbles-boulders,alluvial, ,fans,49.570117216955786,143.390625
10594.5,1054.3900146484375,Excavated /artificial fill,excavated,artificial fill, , , ,disturbed,1054.3869165219312,10594.453125
3305.530029296875,447.37701416015625,"Terrace, 2 to 4m above active channel, alluvial",Terrace,2 to 4m above active channel,alluvial, , ,streams,447.3769401203117,3305.53125
1879.27001953125,182.98500061035156,"Cove deposit, cobble-boulder diamict with silty loam matrix",Cove deposit,cobble-boulder diamict,silty loam matrix, , ,colluvium,182.98526910101248,1879.265625
220.73399353027344,72.8136978149414,"Holocene, fans, cobbles-boulders, alluvial",Holocene,fans,cobbles-boulders,alluvial, ,fans,72.81367178155523,220.734375
7754.83984375,408.3869934082031,"Veneer: cobble-boulder diamict, loamy matrix (Price bench residium)",Veneer,cobble-boulder diamict,loamy matrix,Price bench residium, ,residium,408.3873171589837,7754.84375
12.25,34.235801696777344,"Veneer: cobble to boulder diamict, silty loam matrix",Veneer,cobble to boulder diamict,silty loam matrix, , , ,34.235756992253016,12.25
683.2340087890625,185.4720001220703,"Veneer: very bouldery diamict, silty loam matrix (Pottsville boulder residium)",Veneer,very bouldery diamict,silty loam matrix,Pottsville boulder colluvium, ,residium,185.47211763890235,683.234375
783.1090087890625,226.64500427246094,"Floodplain 2 (1 to 2m above channel), cobble-boulder-loam, alluvial",Floodplain 2,1 to 2m above channel,cobble-boulder-loam,alluvial, ,streams,226.64529627094842,783.109375
1662.77001953125,177.33700561523438,"High-level fan-terraces, cobble-boulder diamict, silty-loam matrix, alluvial",High-level fan-terraces,cobble-boulder diamict,silty-loam matrix,alluvial, ,fans,177.33709288121727,1662.765625
16.5,45.825401306152344,"Veneer: very bouldery diamict, silty loam matrix (Pottsville boulder residium)",Veneer,very bouldery diamict,silty loam matrix,Pottsville boulder colluvium, ,residium,45.82539060299715,16.5
38478.6015625,944.989013671875,"Veneer: very bouldery diamict, silty loam matrix (Pottsville boulder residium)",Veneer,very bouldery diamict,silty loam matrix,Pottsville boulder colluvium, ,residium,944.9891248235948,38478.578125
1812.780029296875,269.406005859375,"Apron, cobble-boulder diamict with silty loam matrix",Apron,cobble-boulder diamict,silty loam matrix,Pottsville boulder apron, ,colluvium,269.4055055728296,1812.78125
357.5,103.0250015258789,"High-level fan-terraces, cobble-boulder diamict, silty-loam matrix, alluvial",High-level fan-terraces,cobble-boulder diamict,silty-loam matrix,alluvial, ,fans,103.02470080772663,357.5
1014.5900268554688,222.11599731445312,"Apron, cobble-boulder diamict with silty loam matrix",Apron,cobble-boulder diamict,silty loam matrix,Pottsville boulder apron, ,colluvium,222.1158185454638,1014.59375
1228.530029296875,342.1080017089844,"Floodplain 2 (1 to 2m above channel), cobble-boulder-loam, alluvial",Floodplain 2,1 to 2m above channel,cobble-boulder-loam,alluvial, ,streams,342.1080938811696,1228.53125
119455.0,1854.8199462890625,"Veneer: cobble-boulder diamict, loamy matrix (Price bench residium)",Veneer,cobble-boulder diamict,loamy matrix,Price bench residium, ,residium,1854.8169648751004,119455.15625
864.2030029296875,177.93600463867188,"Veneer: cobble to boulder diamict, silty loam matrix",Veneer,cobble to boulder diamict,silty loam matrix, , , ,177.93561643084092,864.203125
2049.1298828125,285.8909912109375,"Veneer: cobble to boulder diamict, silty loam matrix",Veneer,cobble to boulder diamict,silty loam matrix, , , ,285.89147646963045,2049.125
8036.9501953125,338.7980041503906,"Block field, boulders",Block field,boulders, , , ,colluvium,338.7979175740383,8036.953125
660.218994140625,158.83599853515625,"Floodplain 2 (1 to 2m above channel), cobble-boulder-loam, alluvial",Floodplain 2,1 to 2m above channel,cobble-boulder-loam,alluvial, ,streams,158.83603423100664,660.21875
11547.0,480.0719909667969,"Veneer: cobble-boulder diamict, silty-loam matrix",Veneer,cobble-boulder diamict,silty-loam matrix, , ,residium,480.0720163760411,11546.984375
2252.3798828125,272.1260070800781,"Floodplain 2 (1 to 2m above channel), cobble-boulder-loam, alluvial",Floodplain 2,1 to 2m above channel,cobble-boulder-loam,alluvial, ,streams,272.12599523094167,2252.375
939.125,205.0030059814453,"Floodplain 2 (1 to 2m above channel), cobble-boulder-loam, alluvial",Floodplain 2,1 to 2m above channel,cobble-boulder-loam,alluvial, ,streams,205.0026441596713,939.125
272.343994140625,153.2259979248047,"Veneer: cobble to boulder diamict, silty loam matrix",Veneer,cobble to boulder diamict,silty loam matrix, , , ,153.2260625619773,272.34375
1322.4200439453125,243.98199462890625,"Floodplain 2 (1 to 2m above channel), cobble-boulder-loam, alluvial",Floodplain 2,1 to 2m above channel,cobble-boulder-loam,alluvial, ,streams,243.9820326137287,1322.421875
1413.75,285.8739929199219,"Veneer: cobble to boulder diamict, silty loam matrix",Veneer,cobble to boulder diamict,silty loam matrix, , , ,285.8735271689218,1413.75
3654.77001953125,749.2949829101562,"Floodplain 2 (1 to 2m above channel), cobble-boulder-loam, alluvial",Floodplain 2,1 to 2m above channel,cobble-boulder-loam,alluvial, ,streams,749.2947254648324,3654.765625
398.5159912109375,100.16699981689453,"High-level fan-terraces, cobble-boulder diamict, silty-loam matrix, alluvial",High-level fan-terraces,cobble-boulder diamict,silty-loam matrix,alluvial, ,fans,100.16688933428146,398.515625
15626.099609375,666.864990234375,"Veneer: cobble-boulder diamict, silty-loam matrix",Veneer,cobble-boulder diamict,silty-loam matrix, , ,residium,666.8653455957776,15626.0625
18204.69921875,570.6380004882812,"Block field, very bouldery (Pottsville block field)",Block field,very bouldery,Pottsville block field, , ,colluvium,570.6377088545407,18204.734375
6295.33984375,609.7310180664062,"Veneer: cobble to boulder diamict, silty loam matrix",Veneer,cobble to boulder diamict,silty loam matrix, , , ,609.7305323868337,6295.34375
77608.5,2641.340087890625,"Veneer: cobble-boulder diamict, loamy matrix (Price bench residium)",Veneer,cobble-boulder diamict,loamy matrix,Price bench residium, ,residium,2641.33740140137,77608.484375
298.81298828125,134.17799377441406,"Floodplain 1 (0.5 to 1m above channel), cobble-boulder-loam, alluvial",Floodplain 1,0.5 to 1m above channel,cobble-boulder-loam,alluvial, ,streams,134.1776686385206,298.8125
716.906005859375,128.73899841308594,"Floodplain 2 (1 to 2m above channel), cobble-boulder-loam, alluvial",Floodplain 2,1 to 2m above channel,cobble-boulder-loam,alluvial, ,streams,128.73860257361954,716.90625
786.1409912109375,168.5570068359375,"Floodplain 1 (0.5 to 1m above channel), cobble-boulder-loam, alluvial",Floodplain 1,0.5 to 1m above channel,cobble-boulder-loam,alluvial, ,streams,168.55707980308424,786.140625
1154.4200439453125,408.2900085449219,streams and other unclassified areas,streams and other unclassified areas, , , , ,streams,408.2895436354358,1154.421875
1315.6300048828125,252.12899780273438,"Floodplain 2 (1 to 2m above channel), cobble-boulder-loam, alluvial",Floodplain 2,1 to 2m above channel,cobble-boulder-loam,alluvial, ,streams,252.1293968839468,1315.625
26.734399795532227,24.931900024414062,"Veneer: cobble to boulder diamict, silty loam matrix",Veneer,cobble to boulder diamict,silty loam matrix, , , ,24.931917991775844,26.734375
1930.969970703125,172.53799438476562,"Cove deposit, cobble-boulder diamict with silty loam matrix",Cove deposit,cobble-boulder diamict,silty loam matrix, , ,colluvium,172.53770615731165,1930.96875
1007.0599975585938,195.92799377441406,"Floodplain 2 (1 to 2m above channel), cobble-boulder-loam, alluvial",Floodplain 2,1 to 2m above channel,cobble-boulder-loam,alluvial, ,streams,195.92801397075672,1007.0625
6908.25,449.87701416015625,"Veneer: cobble to boulder diamict, loam matrix",Veneer,cobble to boulder diamict,loam matrix, , ,colluvium,449.87705257183995,6908.25
925.8590087890625,232.68699645996094,"Floodplain 2 (1 to 2m above channel), cobble-boulder-loam, alluvial",Floodplain 2,1 to 2m above channel,cobble-boulder-loam,alluvial, ,streams,232.68657321665987,925.859375
4757.830078125,281.4230041503906,"Cove deposit, cobble-boulder diamict with silty loam matrix",Cove deposit,cobble-boulder diamict,silty loam matrix, , ,colluvium,281.42323320957576,4757.828125
1059.9200439453125,128.4709930419922,"Cove deposit, cobble-boulder diamict with silty loam matrix",Cove deposit,cobble-boulder diamict,silty loam matrix, , ,colluvium,128.47076825168625,1059.921875
1145.949951171875,212.61900329589844,"Floodplain 2 (1 to 2m above channel), cobble-boulder-loam, alluvial",Floodplain 2,1 to 2m above channel,cobble-boulder-loam,alluvial, ,streams,212.61861464683832,1145.953125
4358.02978515625,412.0369873046875,"Veneer: cobble to boulder diamict, silty loam matrix",Veneer,cobble to boulder diamict,silty loam matrix, , ,colluvium,412.0371681955421,4358.03125
17110.80078125,684.8380126953125,"Veneer: cobble-boulder diamict, silty-loam matrix",Veneer,cobble-boulder diamict,silty-loam matrix, , ,residium,684.838268407477,17110.84375
49344.6015625,14365.7001953125,"Channel-way, cobbles-boulders, alluvial (may include active narrow floodplain)",Channel-way,cobbles-boulders,alluvial,may include active narrow floodplain, ,streams,14365.706476601574,49344.609375
759801.0,21176.900390625,"Veneer: cobble to boulder diamict, silty loam matrix",Veneer,cobble to boulder diamict,silty loam matrix, , ,colluvium,21176.93162412771,759800.9375
740.5780029296875,107.16999816894531,"Cove deposit, cobble-boulder diamict with silty loam matrix",Cove deposit,cobble-boulder diamict,silty loam matrix, , ,colluvium,107.17005410090725,740.578125
602.843994140625,183.17100524902344,"Floodplain 2 (1 to 2m above channel), cobble-boulder-loam, alluvial",Floodplain 2,1 to 2m above channel,cobble-boulder-loam,alluvial, ,streams,183.17108230770677,602.84375
167276.0,2585.8798828125,"Veneer: cobble to boulder diamict, silty loam matrix",Veneer,cobble to boulder diamict,silty loam matrix, , ,colluvium,2585.876654582515,167275.9375
622.5159912109375,198.28799438476562,"Veneer: cobble to boulder diamict, loam matrix",Veneer,cobble to boulder diamict,loam matrix, , ,colluvium,198.2875930603446,622.515625
500.81298828125,174.18600463867188,"Floodplain 2 (1 to 2m above channel), cobble-boulder-loam, alluvial",Floodplain 2,1 to 2m above channel,cobble-boulder-loam,alluvial, ,streams,174.18621142976235,500.8125
478.843994140625,183.5050048828125,"Floodplain 2 (1 to 2m above channel), cobble-boulder-loam, alluvial",Floodplain 2,1 to 2m above channel,cobble-boulder-loam,alluvial, ,streams,183.50468345675495,478.84375
2359.06005859375,400.1099853515625,"Floodplain 2 (1 to 2m above channel), cobble-boulder-loam, alluvial",Floodplain 2,1 to 2m above channel,cobble-boulder-loam,alluvial, ,streams,400.11019363182976,2359.0625
2952.530029296875,360.3420104980469,"Boulder, stream boulders",Boulder,stream boulders, , , ,colluvium,360.34223609763126,2952.53125
42050.19921875,1296.6199951171875,"Veneer: cobble-boulder diamict, loamy matrix (Price bench residium)",Veneer,cobble-boulder diamict,loamy matrix,Price bench residium, ,residium,1296.6174683720706,42050.171875
2321.669921875,723.0440063476562,"Channel-way, cobbles-boulders, alluvial (may include active narrow floodplain)",Channel-way,cobbles-boulders,alluvial,may include active narrow floodplain, ,streams,723.0436957173375,2321.671875
480.81298828125,134.72999572753906,"Floodplain 2 (1 to 2m above channel), cobble-boulder-loam, alluvial",Floodplain 2,1 to 2m above channel,cobble-boulder-loam,alluvial, ,streams,134.73033208973163,480.8125
1535.6300048828125,309.4989929199219,"Floodplain 2 (1 to 2m above channel), cobble-boulder-loam, alluvial",Floodplain 2,1 to 2m above channel,cobble-boulder-loam,alluvial, ,streams,309.4987387214008,1535.625
459.656005859375,147.5590057373047,"Floodplain 2 (1 to 2m above channel), cobble-boulder-loam, alluvial",Floodplain 2,1 to 2m above channel,cobble-boulder-loam,alluvial, ,streams,147.5589024748351,459.65625
7434.5,1157.9300537109375,"Floodplain 2 (1 to 2m above channel), cobble-boulder-loam, alluvial",Floodplain 2,1 to 2m above channel,cobble-boulder-loam,alluvial, ,streams,1157.9258719083562,7434.5
1094.699951171875,214.73699951171875,"Floodplain 2 (1 to 2m above channel), cobble-boulder-loam, alluvial",Floodplain 2,1 to 2m above channel,cobble-boulder-loam,alluvial, ,streams,214.73720395031214,1094.703125
1032.0799560546875,327.9679870605469,"Channel-way, cobbles-boulders, alluvial (may include active narrow floodplain)",Channel-way,cobbles-boulders,alluvial,may include active narrow floodplain, ,streams,327.9684002923922,1032.078125
411.968994140625,164.97000122070312,"Channel-way, cobbles-boulders, alluvial (may include active narrow floodplain)",Channel-way,cobbles-boulders,alluvial,may include active narrow floodplain, ,streams,164.9701593385168,411.96875
6856.72998046875,381.8590087890625,"Veneer: cobble-boulder diamict, silty-loam matrix",Veneer,cobble-boulder diamict,silty-loam matrix, , ,residium,381.85934571883286,6856.734375
3901.5,373.4169921875,"Boulder, stream boulders",Boulder,stream boulders, , , ,colluvium,373.416815949703,3901.5
1376.4100341796875,178.02000427246094,"Cove deposit, cobble-boulder diamict with silty loam matrix",Cove deposit,cobble-boulder diamict,silty loam matrix, , ,colluvium,178.01991539735928,1376.40625
976.7969970703125,233.1739959716797,"Cove deposit, cobble-boulder diamict with silty loam matrix",Cove deposit,cobble-boulder diamict,silty loam matrix, , ,colluvium,233.17447808910907,976.796875
1267.8900146484375,135.50599670410156,"Cove deposit, cobble-boulder diamict with silty loam matrix",Cove deposit,cobble-boulder diamict,silty loam matrix, , ,colluvium,135.50594691831077,1267.890625
714.281005859375,138.58399963378906,"Apron, cobble-boulder diamict with silty loam matrix",Apron,cobble-boulder diamict,silty loam matrix,Pottsville boulder apron, ,colluvium,138.58370539954996,714.28125
10330.0,554.7139892578125,"Veneer: cobble to boulder diamict, loam matrix",Veneer,cobble to boulder diamict,loam matrix, , , ,554.7144685952466,10329.96875
1547.31005859375,247.01800537109375,"Boulder, stream boulders",Boulder,stream boulders, , , ,colluvium,247.01836496868367,1547.3125
1446.9100341796875,152.75999450683594,"Cove deposit, cobble-boulder diamict with silty loam matrix",Cove deposit,cobble-boulder diamict,silty loam matrix, , ,colluvium,152.76016922586143,1446.90625
320168.0,3824.31005859375,"Veneer: cobble to boulder diamict, loam matrix",Veneer,cobble to boulder diamict,loam matrix, , ,colluvium,3824.3106801576023,320167.578125
1258.27001953125,211.1699981689453,"Veneer: cobble to boulder diamict, loam matrix",Veneer,cobble to boulder diamict,loam matrix, , ,colluvium,211.16983735121286,1258.265625
4186.75,413.65399169921875,"Apron, cobble-boulder diamict with silty loam matrix",Apron,cobble-boulder diamict,silty loam matrix,Pottsville boulder apron, ,colluvium,413.65415337411974,4186.75
78879.5,2047.5400390625,"Veneer: cobble-boulder diamict, loamy matrix (Price bench residium)",Veneer,cobble-boulder diamict,loamy matrix,Price bench residium, ,residium,2047.539826728093,78879.546875
11334.900390625,616.1680297851562,"Apron, cobble-boulder diamict with silty loam matrix",Apron,cobble-boulder diamict,silty loam matrix,Pottsville boulder apron, ,colluvium,616.1675603546246,11334.890625
323.93798828125,86.5447998046875,no data collected,no data collected, , , , ,streams,86.54480286409633,323.9375
11468.900390625,941.8489990234375,"Floodplain 2 (1 to 2m above channel), cobble-boulder-loam, alluvial",Floodplain 2,1 to 2m above channel,cobble-boulder-loam,alluvial, ,streams,941.8492732490384,11468.859375
500.906005859375,145.5070037841797,"Apron, cobble-boulder diamict with silty loam matrix",Apron,cobble-boulder diamict,silty loam matrix,Pottsville boulder apron, ,colluvium,145.50748891023022,500.90625
59751.5,1553.3199462890625,"Veneer: cobble-boulder diamict, silty-loam matrix",Veneer,cobble-boulder diamict,silty-loam matrix, , ,residium,1553.3158310683784,59751.5
821.468994140625,119.697998046875,no data collected,no data collected, , , , ,streams,119.69752155265742,821.46875
865.5469970703125,134.13299560546875,"Apron, cobble-boulder diamict with silty loam matrix",Apron,cobble-boulder diamict,silty loam matrix,Pottsville boulder apron, ,colluvium,134.13288734510522,865.546875
1239.280029296875,344.1650085449219,"Apron, cobble-boulder diamict with silty loam matrix",Apron,cobble-boulder diamict,silty loam matrix,Pottsville boulder apron, ,colluvium,344.1647557264688,1239.28125
1656.1400146484375,213.1719970703125,"Apron, cobble-boulder diamict with silty loam matrix",Apron,cobble-boulder diamict,silty loam matrix,Pottsville boulder apron, ,colluvium,213.17159394895089,1656.140625
1057.280029296875,257.5450134277344,"Terrace, 2 to 4m above active channel, alluvial",Terrace,2 to 4m above active channel,alluvial, , ,streams,257.5445328498284,1057.28125
5474.97021484375,327.3970031738281,"Veneer: cobble-boulder diamict, silty-loam matrix",Veneer,cobble-boulder diamict,silty-loam matrix, , ,residium,327.39696405631537,5474.96875
5691.60986328125,1881.1199951171875,"Floodplain 2 (1 to 2m above channel), cobble-boulder-loam, allluvial",Floodplain 2,cobble-boulder-loam,alluvial, , ,streams,1881.1231318773587,5691.609375
9698.76953125,437.656005859375,"Veneer: cobble-boulder diamict, silty-loam matrix",Veneer,cobble-boulder diamict,silty-loam matrix, , ,residium,437.65554524799967,9698.765625
1299.4200439453125,156.0570068359375,"Apron, cobble-boulder diamict with silty loam matrix",Apron,cobble-boulder diamict,silty loam matrix,Pottsville boulder apron, ,colluvium,156.05738964630802,1299.421875
3.546880006790161,14.596400260925293,"Veneer: cobble to boulder diamict, silty loam matrix",Veneer,cobble to boulder diamict,silty loam matrix, , , ,14.596360078169948,3.546875
648.68798828125,140.75100708007812,"High-level fan-terraces, cobble-boulder diamict, silty-loam matrix, alluvial",High-level fan-terraces,cobble-boulder diamict,silty-loam matrix,alluvial, ,fans,140.75145507389334,648.6875
4078.659912109375,347.22198486328125,"High-level fan-terraces, cobble-boulder diamict, silty-loam matrix, alluvial",High-level fan-terraces,cobble-boulder diamict,silty-loam matrix,alluvial, ,fans,347.22172145806735,4078.65625
453.781005859375,106.03299713134766,no data collected,no data collected, , , , ,streams,106.03324525884713,453.78125
1155.219970703125,176.63400268554688,no data collected,no data collected, , , , ,streams,176.63375612048068,1155.21875
941.625,204.63400268554688,no data collected,no data collected, , , , ,streams,204.63417199539086,941.625
1015.030029296875,324.4739990234375,"Channel-way, cobbles-boulders, alluvial (may include active narrow floodplain)",Channel-way,cobbles-boulders,alluvial,may include active narrow floodplain, ,streams,324.4742825994012,1015.03125
165.5,56.172698974609375,no data collected,no data collected, , , , ,streams,56.17273011271221,165.5
108.375,48.87919998168945,no data collected,no data collected, , , , ,streams,48.87921670235024,108.375
4090.219970703125,340.7090148925781,"Apron, cobble-boulder diamict with silty loam matrix",Apron,cobble-boulder diamict,silty loam matrix,Pottsville boulder apron, ,colluvium,340.7091597753784,4090.21875
374.0159912109375,101.19499969482422,no data collected,no data collected, , , , ,streams,101.19528459967063,374.015625
2139.5,288.2919921875,no data collected,no data collected, , , , ,streams,288.29152508727253,2139.5
1244.969970703125,180.75999450683594,no data collected,no data collected, , , , ,streams,180.76024089026518,1244.96875
1905.949951171875,176.625,"Cove deposit, cobble-boulder diamict with silty loam matrix",Cove deposit,cobble-boulder diamict,silty loam matrix, , ,colluvium,176.62518398068485,1905.953125
710.9840087890625,145.2989959716797,no data collected,no data collected, , , , ,streams,145.29870134634737,710.984375
50454.30078125,1088.1700439453125,"Veneer: cobble-boulder diamict, loamy matrix (Price bench residium)",Veneer,cobble-boulder diamict,loamy matrix,Price bench residium, ,residium,1088.1745528589715,50454.296875
1744.6700439453125,274.4960021972656,"Veneer: cobble to boulder diamict, silty loam matrix",Veneer,cobble to boulder diamict,silty loam matrix, , ,colluvium,274.49564044978416,1744.671875
3350.800048828125,407.3349914550781,no data collected,no data collected, , , , ,streams,407.33452011861476,3350.796875
90473.0,2778.070068359375,"Veneer: cobble to boulder diamict, silty loam matrix",Veneer,cobble to boulder diamict,silty loam matrix, , ,colluvium,2778.0665967487353,90473.046875
151663.0,3863.419921875,"Veneer: cobble to boulder diamict, silty loam matrix",Veneer,cobble to boulder diamict,silty loam matrix, , ,colluvium,3863.4171081140635,151662.5625
1883.719970703125,458.22698974609375,"Floodplain 2 (1 to 2m above channel), cobble-boulder-loam, alluvial",Floodplain 2,1 to 2m above channel,cobble-boulder-loam,alluvial, ,streams,458.2268172106827,1883.71875
2060.080078125,209.5749969482422,"Boulder, stream boulders",Boulder,stream boulders, , , ,colluvium,209.57541620738613,2060.078125
673.9219970703125,112.81099700927734,no data collected,no data collected, , , , ,streams,112.81136360467744,673.921875
5047.81005859375,361.60198974609375,"Veneer: cobble-boulder diamict, silty-loam matrix",Veneer,cobble-boulder diamict,silty-loam matrix, , ,residium,361.6017908043773,5047.8125
17688.19921875,928.1669921875,"Veneer: cobble to boulder diamict, loam matrix",Veneer,cobble to boulder diamict,loam matrix, , ,colluvium,928.1669474595077,17688.21875
4096.68994140625,280.0530090332031,no data collected,no data collected, , , , ,streams,280.0533817277693,4096.6875
734.375,115.9010009765625,no data collected,no data collected, , , , ,streams,115.9014957325765,734.375
1690.3900146484375,491.968994140625,"Floodplain 2 (1 to 2m above channel), cobble-boulder-loam, alluvial",Floodplain 2,1 to 2m above channel,cobble-boulder-loam,alluvial, ,streams,491.968629609184,1690.390625
10931.2001953125,698.583984375,"Veneer: cobble-boulder diamict, silty-loam matrix",Veneer,cobble-boulder diamict,silty-loam matrix, , ,residium,698.5841970944073,10931.234375
2686.18994140625,216.1020050048828,"Cove deposit, cobble-boulder diamict with silty loam matrix",Cove deposit,cobble-boulder diamict,silty loam matrix, , ,colluvium,216.1018687635176,2686.1875
4337.7998046875,501.4909973144531,"Floodplain 2 (1 to 2m above channel), cobble-boulder-loam, alluvial",Floodplain 2,1 to 2m above channel,cobble-boulder-loam,alluvial, ,streams,501.4913850442888,4337.796875
988.2030029296875,252.56900024414062,"Terrace, 2 to 4m above active channel, alluvial",Terrace,2 to 4m above active channel,alluvial, , ,streams,252.5685325747344,988.203125
1750.1600341796875,297.50799560546875,"Floodplain 2 (1 to 2m above channel), cobble-boulder-loam, alluvial",Floodplain 2,1 to 2m above channel,cobble-boulder-loam,alluvial, ,streams,297.5075183720972,1750.15625
471474.0,5370.509765625,"Veneer: cobble to boulder diamict, loam matrix",Veneer,cobble to boulder diamict,loam matrix, , ,colluvium,5370.5076196899,471473.765625
1770.6300048828125,185.0449981689453,"Veneer: cobble to boulder diamict, silty loam matrix",Veneer,cobble to boulder diamict,silty loam matrix, , ,colluvium,185.04547553795047,1770.625
493.5159912109375,166.78500366210938,"Floodplain 2 (1 to 2m above channel), cobble-boulder-loam, alluvial",Floodplain 2,1 to 2m above channel,cobble-boulder-loam,alluvial, ,streams,166.78474390736386,493.515625
1054.06005859375,509.47198486328125,"Channel-way, cobbles-boulders, alluvial (may include active narrow floodplain)",Channel-way,cobbles-boulders,alluvial,may include active narrow floodplain, ,streams,509.4724096646399,1054.0625
431.0469970703125,104.70800018310547,"Apron, cobble-boulder diamict with silty loam matrix",Apron,cobble-boulder diamict,silty loam matrix,Pottsville boulder apron, ,colluvium,104.70771738315312,431.046875
361.406005859375,94.53189849853516,"Floodplain 2 (1 to 2m above channel), cobble-boulder-loam, alluvial",Floodplain 2,1 to 2m above channel,cobble-boulder-loam,alluvial, ,streams,94.53189783672555,361.40625
24497.599609375,793.4910278320312,"Veneer: cobble-boulder diamict, silty-loam matrix",Veneer,cobble-boulder diamict,silty-loam matrix, , ,residium,793.4912150531131,24497.625
317.8280029296875,86.77330017089844,"High-level fan-terraces, cobble-boulder diamict, silty-loam matrix, alluvial",High-level fan-terraces,cobble-boulder diamict,silty-loam matrix,alluvial, ,fans,86.77326555813038,317.828125
752.718994140625,130.73300170898438,"High-level fan-terraces, cobble-boulder diamict, silty-loam matrix, alluvial",High-level fan-terraces,cobble-boulder diamict,silty-loam matrix,alluvial, ,fans,130.7327700404743,752.71875
543.31298828125,135.26100158691406,"Terrace, 2 to 4m above active channel, alluvial",Terrace,2 to 4m above active channel,alluvial, , ,streams,135.26140344173254,543.3125
23184.599609375,792.969970703125,"Veneer: cobble-boulder diamict, silty-loam matrix",Veneer,cobble-boulder diamict,silty-loam matrix, , ,residium,792.9696381040319,23184.640625
342.7659912109375,93.07250213623047,"Floodplain 2 (1 to 2m above channel), cobble-boulder-loam, alluvial",Floodplain 2,1 to 2m above channel,cobble-boulder-loam,alluvial, ,streams,93.07250175310676,342.765625
542.93798828125,128.6060028076172,"High-level fan-terraces, cobble-boulder diamict, silty-loam matrix, alluvial",High-level fan-terraces,cobble-boulder diamict,silty-loam matrix,alluvial, ,fans,128.60570629407462,542.9375
644.6090087890625,124.86599731445312,"Floodplain 2 (1 to 2m above channel), cobble-boulder-loam, alluvial",Floodplain 2,1 to 2m above channel,cobble-boulder-loam,alluvial, ,streams,124.86627691372534,644.609375
1513.219970703125,168.76300048828125,"Cove deposit, cobble-boulder diamict with silty loam matrix",Cove deposit,cobble-boulder diamict,silty loam matrix, , ,colluvium,168.76323290416343,1513.21875
41422.0,1108.6600341796875,"Veneer: cobble-boulder diamict, loamy matrix (Price bench residium)",Veneer,cobble-boulder diamict,loamy matrix,Price bench residium, ,residium,1108.6558579602531,41422.015625
11333.2998046875,581.8820190429688,"Veneer: cobble to boulder diamict, silty loam matrix",Veneer,cobble to boulder diamict,silty loam matrix, , ,colluvium,581.8820308911794,11333.25
1091570.0,5433.22998046875,"Veneer: very bouldery diamict, silty loam matrix, (Pottsville boulder colluvium)",Veneer,very bouldery diamict,silty loam matrix,Pottsville boulder colluvium, ,colluvium,5433.233152409441,1091565.1875
1624.02001953125,179.91600036621094,"Cove deposit, cobble-boulder diamict with silty loam matrix",Cove deposit,cobble-boulder diamict,silty loam matrix, , ,colluvium,179.91604338819118,1624.015625
257570.0,4959.08984375,"Veneer: cobble-boulder diamict, silty-loam matrix",Veneer,cobble-boulder diamict,silty-loam matrix, , ,residium,4959.085769664355,257569.5625
9352.1298828125,1083.6500244140625,"Apron, cobble-boulder diamict with silty loam matrix",Apron,cobble-boulder diamict,silty loam matrix,Pottsville boulder apron, ,colluvium,1083.6510273508798,9352.125
13922.2998046875,480.31201171875,"Veneer: cobble-boulder diamict, silty-loam matrix",Veneer,cobble-boulder diamict,silty-loam matrix, , ,residium,480.3122584914619,13922.328125
884.625,170.36900329589844,no data collected,no data collected, , , , ,streams,170.36933509335327,884.625
1178.31005859375,179.6739959716797,no data collected,no data collected, , , , ,streams,179.6744782694571,1178.3125
1223.0799560546875,181.08799743652344,"Veneer: cobble to boulder diamict, silty loam matrix",Veneer,cobble to boulder diamict,silty loam matrix, , ,colluvium,181.08802670954742,1223.078125
1239.8800048828125,234.5970001220703,"Floodplain 1 (0.5 to 1m above channel), cobble-boulder-loam, alluvial",Floodplain 1,0.5 to 1m above channel,cobble-boulder-loam,alluvial, ,streams,234.59678660334941,1239.875
46183.5,1446.6700439453125,"Veneer: cobble to boulder diamict, silty loam matrix",Veneer,cobble to boulder diamict,silty loam matrix, , ,colluvium,1446.6651237571882,46183.484375
614.781005859375,100.20700073242188,"Floodplain 2 (1 to 2m above channel), cobble-boulder-loam, alluvial",Floodplain 2,1 to 2m above channel,cobble-boulder-loam,alluvial, ,streams,100.20704705231121,614.78125
2738.030029296875,562.5770263671875,"Floodplain 1 (0.5 to 1m above channel), cobble-boulder-loam, alluvial",Floodplain 1,0.5 to 1m above channel,cobble-boulder-loam,alluvial, ,streams,562.5774551683418,2738.03125
380.1719970703125,95.26080322265625,"Floodplain 2 (1 to 2m above channel), cobble-boulder-loam, alluvial",Floodplain 2,1 to 2m above channel,cobble-boulder-loam,alluvial, ,streams,95.2607686649465,380.171875
1090.97998046875,154.6269989013672,"Floodplain 2 (1 to 2m above channel), cobble-boulder-loam, alluvial",Floodplain 2,1 to 2m above channel,cobble-boulder-loam,alluvial, ,streams,154.62728254658154,1090.984375
295031.0,5609.47021484375,"Veneer: cobble-boulder diamict, loamy matrix (Price bench residium)",Veneer,cobble-boulder diamict,loamy matrix,Price bench residium, ,residium,5609.474569384659,295030.75
11209.900390625,446.9909973144531,"Veneer: cobble-boulder diamict, silty-loam matrix",Veneer,cobble-boulder diamict,silty-loam matrix, , ,residium,446.9912237879236,11209.875
20537.099609375,745.9940185546875,"Veneer: cobble-boulder diamict, silty-loam matrix",Veneer,cobble-boulder diamict,silty-loam matrix, , ,residium,745.9941476939898,20537.109375
991.18798828125,213.9499969482422,"Apron, cobble-boulder diamict with silty loam matrix",Apron,cobble-boulder diamict,silty loam matrix,Pottsville boulder apron, ,colluvium,213.9503620113247,991.1875
55.29690170288086,31.440200805664062,no data collected,no data collected, , , , ,streams,31.440186420379572,55.296875
139.48399353027344,56.18259811401367,no data collected,no data collected, , , , ,streams,56.18257381654968,139.484375
4786.0,1785.1500244140625,"Channel-way, cobbles-boulders, alluvial (may include active narrow floodplain)",Channel-way,cobbles-boulders,alluvial,may include active narrow floodplain, ,streams,1785.153659659376,4786.0
18598.0,662.77001953125,"Veneer: cobble-boulder diamict, silty-loam matrix",Veneer,cobble-boulder diamict,silty-loam matrix, , ,residium,662.7696653635377,18597.984375
1385.780029296875,335.739990234375,"Floodplain 1 (0.5 to 1m above channel), cobble-boulder-loam, alluvial",Floodplain 1,0.5 to 1m above channel,cobble-boulder-loam,alluvial, ,streams,335.7403345095204,1385.78125
388.0469970703125,208.15899658203125, , , , , , , ,208.15940699732033,388.046875
2192.8798828125,197.10299682617188,"Veneer: cobble to boulder diamict, silty loam matrix",Veneer,cobble to boulder diamict,silty loam matrix, , ,colluvium,197.10282071852714,2192.875
682758.0,11413.599609375,"Veneer: cobble to boulder diamict, silty loam matrix",Veneer,cobble to boulder diamict,silty loam matrix, , ,colluvium,11413.570568347886,682757.96875
334.4219970703125,121.68099975585938,"Floodplain 1 (0.5 to 1m above channel), cobble-boulder-loam, alluvial",Floodplain 1,0.5 to 1m above channel,cobble-boulder-loam,alluvial, ,streams,121.68095970142089,334.421875
1691.3800048828125,167.70599365234375,"Block field, very bouldery (Pottsville block field)",Block field,very bouldery,Pottsville block field, , ,colluvium,167.70646231028005,1691.375
13691.599609375,3942.27001953125,"Channel-way, cobbles-boulders, alluvial (may include active narrow floodplain)",Channel-way,cobbles-boulders,alluvial,may include active narrow floodplain, ,streams,3942.266855572845,13691.609375
729.125,121.98500061035156,no data collected,no data collected, , , , ,streams,121.98474191391458,729.125
1198.6099853515625,275.3080139160156,"Apron, cobble-boulder diamict with silty loam matrix",Apron,cobble-boulder diamict,silty loam matrix,Pottsville boulder apron, ,colluvium,275.3083365272449,1198.609375
2106.81005859375,249.74400329589844,"Veneer: cobble to boulder diamict, silty loam matrix",Veneer,cobble to boulder diamict,silty loam matrix, , ,colluvium,249.74357597038866,2106.8125
34247.80078125,904.6179809570312,"Veneer: cobble to boulder diamict, loam matrix",Veneer,cobble to boulder diamict,loam matrix, , ,colluvium,904.6178706201382,34247.78125
1852.9100341796875,192.35800170898438,no data collected,no data collected, , , , ,streams,192.3576280818542,1852.90625
37444.3984375,1656.0899658203125,"Veneer: very bouldery diamict, silty loam matrix (Pottsville boulder residium)",Veneer,very bouldery diamict,silty loam matrix,Pottsville boulder colluvium, ,residium,1656.0883062455039,37444.390625
3933.699951171875,316.72198486328125,"Veneer: cobble to boulder diamict, loam matrix",Veneer,cobble to boulder diamict,loam matrix, , ,colluvium,316.72245294945606,3933.703125
5172.39013671875,417.4309997558594,"Apron, cobble-boulder diamict with silty loam matrix",Apron,cobble-boulder diamict,silty loam matrix,Pottsville boulder apron, ,colluvium,417.43117833666327,5172.390625
5473.52001953125,427.8389892578125,"Apron, cobble-boulder diamict with silty loam matrix",Apron,cobble-boulder diamict,silty loam matrix,Pottsville boulder apron, ,colluvium,427.83890339239986,5473.515625
20.9375,24.408899307250977,"Apron, cobble-boulder diamict with silty loam matrix",Apron,cobble-boulder diamict,silty loam matrix,Pottsville boulder apron, ,colluvium,24.408938014867772,20.9375
7059.31005859375,395.010986328125,"Apron, cobble-boulder diamict with silty loam matrix",Apron,cobble-boulder diamict,silty loam matrix,Pottsville boulder apron, ,colluvium,395.01060661390164,7059.3125
73991.796875,1545.010009765625,"Veneer: cobble to boulder diamict, loam matrix",Veneer,cobble to boulder diamict,loam matrix, , ,colluvium,1545.0105525480008,73991.8125
4302.830078125,434.1340026855469,"Apron, cobble-boulder diamict with silty loam matrix",Apron,cobble-boulder diamict,silty loam matrix,Pottsville boulder apron, ,colluvium,434.13440499978367,4302.828125
99122.3984375,1918.1199951171875,"Veneer: cobble-boulder diamict, silty-loam matrix",Veneer,cobble-boulder diamict,silty-loam matrix, , ,residium,1918.116460089541,99122.4375
1506.050048828125,503.9490051269531,"Channel-way, cobbles-boulders, alluvial (may include active narrow floodplain)",Channel-way,cobbles-boulders,alluvial,may include active narrow floodplain, ,streams,503.9486401588403,1506.046875
3893.590087890625,310.4630126953125,"Veneer: cobble to boulder diamict, loam matrix",Veneer,cobble to boulder diamict,loam matrix, , ,colluvium,310.462646275014,3893.59375
428.875,139.89300537109375,"Channel-way, cobbles-boulders, alluvial (may include active narrow floodplain)",Channel-way,cobbles-boulders,alluvial,may include active narrow floodplain, ,streams,139.8931081397613,428.875
290.4219970703125,111.69100189208984,"Floodplain 2 (1 to 2m above channel), cobble-boulder-loam, alluvial",Floodplain 2,1 to 2m above channel,cobble-boulder-loam,alluvial, ,streams,111.69075520973325,290.421875
15.578100204467773,21.469499588012695,"Floodplain 2 (1 to 2m above channel), cobble-boulder-loam, alluvial",Floodplain 2,1 to 2m above channel,cobble-boulder-loam,alluvial, ,streams,21.469460892621928,15.578125
