AREA,PERIMETER,SOILMAPUNI,SOILMAPU_1,SYMBOL,NAME,GENERAL_SO,LABEL,Shape_Length,Shape_Area
3439908.5,42138.871,2.0,282.0,23.0,Calvin channery silt loam - 40 to 65% slopes,Calvin channery silt loam,CaF,42138.87253779444,3439908.515625
166207.844,8056.366,3.0,281.0,83.0,Alluvial land,Alluvial land,Al,8056.3660873359995,166207.84375
1476315.75,13982.748,4.0,280.0,23.0,Calvin channery silt loam - 40 to 65% slopes,Calvin channery silt loam,CaF,13982.747635917565,1476315.71875
25.578,36.069,5.0,279.0,60.0,Dekalb extremely stony loam - 40 to 70% slopes,Dekalb extremely stony loam,DmF,36.06929869367869,25.578125
77780.547,1970.201,6.0,278.0,59.0,Dekalb channery loam - 10 to 20% slopes,Dekalb channery loam,DaC,1970.2006633850244,77780.546875
4762.625,342.524,7.0,277.0,23.0,Calvin channery silt loam - 20 to 30% slopes,Calvin channery silt loam,CaD,342.5237597536585,4762.625
560.219,117.141,8.0,276.0,23.0,Calvin channery silt loam - 40 to 65% slopes,Calvin channery silt loam,CaF,117.14144342809456,560.21875
194542.625,3100.003,9.0,274.0,59.0,Dekalb channery loam - 20 to 30% slopes,Dekalb channery loam,DaD,3100.0026241425808,194542.625
138164.813,6503.313,10.0,275.0,60.0,Dekalb extremely stony loam - 40 to 70% slopes,Dekalb extremely stony loam,DmF,6503.313473193683,138164.8125
14264.938,599.512,11.0,273.0,60.0,Dekalb extremely stony loam - 20 to 40% slopes,Dekalb extremely stony loam,DmE,599.5121060917077,14264.9375
33459.297,1155.902,12.0,272.0,23.0,Calvin channery silt loam - 20 to 30% slopes,Calvin channery silt loam,CaD,1155.9022064805636,33459.296875
13303.672,577.985,13.0,271.0,23.0,Calvin channery silt loam - 10 to 20% slopes,Calvin channery silt loam,CaC,577.9846751018575,13303.671875
31194.984,1049.654,14.0,270.0,23.0,Calvin channery silt loam - 20 to 30% slopes,Calvin channery silt loam,CaD,1049.6542986952632,31194.984375
36190.531,1376.446,15.0,269.0,23.0,Calvin channery silt loam - 10 to 20% slopes,Calvin channery silt loam,CaC,1376.4461185114574,36190.53125
29839.906,1275.593,16.0,268.0,23.0,Calvin channery silt loam - 30 to 40% slopes,Calvin channery silt loam,CaE,1275.593157522874,29839.90625
2098.0,386.031,17.0,267.0,23.0,Calvin channery silt loam - 40 to 65% slopes,Calvin channery silt loam,CaF,386.0307693087467,2098.0
4068.906,413.372,18.0,266.0,23.0,Calvin channery silt loam - 40 to 65% slopes,Calvin channery silt loam,CaF,413.3717821375502,4068.90625
9424.609,574.64,19.0,265.0,23.0,Calvin channery silt loam - 30 to 40% slopes,Calvin channery silt loam,CaE,574.6397940065119,9424.609375
34935.656,1797.316,20.0,264.0,59.0,Dekalb channery loam - 40 to 65% slopes,Dekalb channery loam,DaF,1797.3163937540478,34935.65625
5793.078,302.246,21.0,262.0,59.0,Dekalb channery loam - 10 to 20% slopes,Dekalb channery loam,DaC,302.2461839093926,5793.078125
26012.063,1323.742,22.0,263.0,59.0,Dekalb channery loam - 40 to 65% slopes,Dekalb channery loam,DaF,1323.7421849595014,26012.0625
4670.484,323.947,23.0,261.0,23.0,Calvin channery silt loam - 40 to 65% slopes,Calvin channery silt loam,CaF,323.9473552187658,4670.484375
28568.688,810.08,24.0,260.0,59.0,Dekalb channery loam - 10 to 20% slopes,Dekalb channery loam,DaC,810.0801101876708,28568.6875
32122.078,1568.915,25.0,259.0,59.0,Dekalb channery loam - 40 to 65% slopes,Dekalb channery loam,DaF,1568.9152959955186,32122.078125
22043.422,681.657,26.0,258.0,23.0,Calvin channery silt loam - 20 to 30% slopes,Calvin channery silt loam,CaD,681.657204314649,22043.421875
7573.266,397.524,27.0,257.0,60.0,Dekalb extremely stony loam - 3 to 20% slopes,Dekalb extremely stony loam,DmC,397.524108197126,7573.265625
25584.156,652.391,28.0,256.0,121.0,Meckesville silt loam - 8 to 15% slopes,Meckesville silt loam,McC,652.3913242376279,25584.15625
33758.172,1207.147,29.0,255.0,23.0,Calvin channery silt loam - neutral substratum - 40 to 65% slopes,Calvin channery silt loam,ChF,1207.1474248685158,33758.171875
139267.641,3795.751,30.0,254.0,23.0,Calvin channery silt loam - 10 to 20% slopes,Calvin channery silt loam,CaC,3795.7514281760464,139267.640625
23618.109,736.693,31.0,253.0,57.0,Belmont silt loam - 3 to 10% slopes,Belmont silt loam,BmB,736.6933748503756,23618.109375
164166.984,2487.841,32.0,252.0,57.0,Belmont very stony silt loam - 40 to 70% slopes,Belmont very stony silt loam,BnF,2487.8410523090856,164166.984375
156184.969,2415.838,33.0,251.0,57.0,Belmont very stony silt loam - 40 to 70% slopes,Belmont very stony silt loam,BnF,2415.8383501634344,156184.96875
23952.266,651.848,34.0,250.0,23.0,Calvin channery silt loam - 20 to 30% slopes,Calvin channery silt loam,CaD,651.8476798547612,23952.265625
26149.0,753.423,35.0,249.0,23.0, Calvin extremely stony silt loam - neutral stubstrtum - 20 to 40% slopes,Calvin extremely stony silt loam,CnE,753.4227665448826,26149.0
89266.484,2614.043,36.0,248.0,23.0,Calvin channery silt loam - 30 to 40% slopes,Calvin channery silt loam,CaE,2614.043033427271,89266.484375
47944.016,1855.849,37.0,247.0,23.0, Calvin channery silt loam - 3 to 10% slopes,Calvin channery silt loam,CaB,1855.849479171899,47944.015625
75164.625,1984.995,38.0,246.0,59.0,Dekalb channery loam - 10 to 20% slopes,Dekalb channery loam,DaC,1984.995360697269,75164.625
7185.422,458.349,39.0,245.0,57.0,Belmont silt loam - 10 to 20% slopes,Belmont silt loam,BmC,458.3487416205502,7185.421875
83255.813,1856.143,40.0,244.0,59.0,Dekalb channery loam - 20 to 30% slopes,Dekalb channery loam,DaD,1856.1426714168267,83255.8125
172575.953,2728.238,41.0,243.0,23.0,Calvin channery silt loam - 30 to 40% slopes,Calvin channery silt loam,CaE,2728.238069540664,172575.953125
12631.219,617.052,42.0,242.0,57.0,Belmont silt loam - 20 to 30% slopes,Belmont silt loam,BmD,617.0515778454462,12631.21875
54961.594,2851.278,43.0,241.0,59.0,Dekalb channery loam - 40 to 65% slopes,Dekalb channery loam,DaF,2851.277512990401,54961.59375
24423.109,1311.453,44.0,240.0,59.0,Dekalb channery loam - 10 to 20% slopes,Dekalb channery loam,DaC,1311.453020903413,24423.109375
14105.016,597.745,45.0,239.0,57.0,Belmont silt loam - 10 to 20% slopes,Belmont silt loam,BmC,597.744905319378,14105.015625
4246.234,285.062,46.0,238.0,23.0,Calvin channery silt loam - neutral substratum - 30 to 40% slopes,Calvin channery silt loam,ChE,285.06193082713514,4246.234375
19336.078,605.187,47.0,237.0,60.0,Dekalb loam - 10 to 20% slopes,Dekalb loam,DkC,605.1874538917394,19336.078125
118824.828,2469.734,48.0,236.0,23.0,Calvin extremely stony silt loam - neutral substratum - 40 to 65% slopes,Calvin extremely stony silt loam,CnF,2469.733761573011,118824.828125
15643.281,740.561,49.0,235.0,23.0, Calvin extremely stony silt loam - neutral stubstrtum - 20 to 40% slopes,Calvin extremely stony silt loam,CnE,740.5609693371383,15643.28125
5470.594,342.568,50.0,234.0,23.0,Calvin channery silt loam - neutral substratum - 10 to 20% slopes,Calvin channery silt loam,ChC,342.56838207657586,5470.59375
77065.75,1491.576,51.0,233.0,57.0,Belmont silt loam,Belmont silt loam,BmE,1491.5759244928197,77065.75
6130.172,396.552,52.0,232.0,57.0,Belmont very stony silt loam - 30 to 40% slopes,Belmont very stony silt loam,BnE,396.5524586779611,6130.171875
22832.219,820.556,53.0,231.0,23.0,Calvin channery silt loam - 20 to 30% slopes,Calvin channery silt loam,CaD,820.5559404932549,22832.21875
7058.703,395.818,54.0,230.0,23.0,Calvin channery silt loam - neutral substratum - 30 to 40% slopes,Calvin channery silt loam,ChE,395.81795084326166,7058.703125
18746.953,641.839,55.0,229.0,23.0,Calvin channery silt loam - 10 to 20% slopes,Calvin channery silt loam,CaC,641.838726776409,18746.953125
3512.234,268.472,56.0,228.0,57.0,Belmont silt loam - 10 to 20% slopes,Belmont silt loam,BmC,268.47179944961783,3512.234375
82418.469,1889.809,57.0,227.0,23.0,Calvin channery silt loam - 20 to 30% slopes,Calvin channery silt loam,CaD,1889.809201643389,82418.46875
21501.016,884.666,58.0,226.0,121.0,Meckesville silt loam - 8 to 15% slopes,Meckesville silt loam,McC,884.6660997133886,21501.015625
1616.625,200.588,59.0,225.0,23.0,Calvin channery silt loam - neutral substratum - 30 to 40% slopes,Calvin channery silt loam,ChE,200.58777673165773,1616.625
67611.797,1302.254,60.0,224.0,23.0,Calvin extremely stony silt loam - neutral substratum - 40 to 65% slopes,Calvin extremely stony silt loam,CnF,1302.2542931544729,67611.796875
9329.406,469.359,61.0,223.0,23.0,Calvin channery silt loam - neutral substratum - 10 to 20% slopes,Calvin channery silt loam,ChC,469.35862277409893,9329.40625
5373.484,306.365,62.0,222.0,59.0,Dekalb channery loam - 10 to 20% slopes,Dekalb channery loam,DaC,306.36463772579896,5373.484375
10299.75,587.966,63.0,221.0,57.0,Belmont silt loam - 20 to 30% slopes,Belmont silt loam,BmD,587.9664512461025,10299.75
12433.813,532.026,64.0,220.0,23.0, Calvin extremely stony silt loam - neutral substratum - 3 to 20% slopes,Calvin extremely stony silt loam,CnC,532.0256082843051,12433.8125
3185.484,308.196,65.0,219.0,60.0,Dekalb extremely stony loam - 3 to 20% slopes,Dekalb extremely stony loam,DmC,308.1963324919081,3185.484375
15447.563,530.836,66.0,218.0,23.0,Calvin channery silt loam - neutral substratum - 40 to 65% slopes,Calvin channery silt loam,ChF,530.8359244163879,15447.5625
2297.25,251.175,67.0,217.0,23.0,Calvin channery silt loam - 20 to 30% slopes,Calvin channery silt loam,CaD,251.1749808783892,2297.25
17538.047,1006.872,68.0,216.0,59.0,Dekalb channery loam - 40 to 65% slopes,Dekalb channery loam,DaF,1006.8717753317211,17538.046875
3453.156,273.544,69.0,215.0,59.0,Dekalb channery loam - 10 to 20% slopes,Dekalb channery loam,DaC,273.5438713527673,3453.15625
38538.828,1229.215,70.0,214.0,23.0,Calvin channery silt loam - neutral substratum - 40 to 65% slopes,Calvin channery silt loam,ChF,1229.214901395421,38538.828125
227349.016,3609.594,71.0,213.0,60.0,Dekalb extremely stony loam - 40 to 70% slopes,Dekalb extremely stony loam,DmF,3609.594459314547,227349.015625
125322.078,2019.885,72.0,212.0,57.0,Belmont very stony silt loam - 40 to 70% slopes,Belmont very stony silt loam,BnF,2019.885552093887,125322.078125
17408.781,610.08,73.0,211.0,23.0,Calvin channery silt loam - neutral substratum - 3 to 10% slopes,Calvin channery silt loam,ChB,610.0799020606486,17408.78125
3097.547,222.697,74.0,210.0,23.0, Calvin extremely stony silt loam - neutral substratum - 3 to 20% slopes,Calvin extremely stony silt loam,CnC,222.69652601479268,3097.546875
22423.719,1262.407,75.0,209.0,59.0, Dekalb channery loam - 30 to 40% slopes,Dekalb channery loam,DaE,1262.4066991338007,22423.71875
47219.828,1575.829,76.0,208.0,60.0,Dekalb extremely stony loam - 3 to 20% slopes,Dekalb extremely stony loam,DmC,1575.8290316327916,47219.828125
16692.203,536.416,77.0,207.0,23.0,Calvin channery silt loam - 10 to 20% slopes,Calvin channery silt loam,CaC,536.4164300126693,16692.203125
10066.938,524.868,78.0,206.0,23.0,Calvin channery silt loam - neutral substratum - 20 to 30% slopes,Calvin channery silt loam,ChD,524.8677634139164,10066.9375
298755.25,7394.694,79.0,205.0,23.0,Calvin channery silt loam - 10 to 20% slopes,Calvin channery silt loam,CaC,7394.694140120282,298755.25
29813.875,1137.626,80.0,204.0,23.0,Calvin channery silt loam - 30 to 40% slopes,Calvin channery silt loam,CaE,1137.6256065272607,29813.875
22443.75,585.103,81.0,203.0,23.0, Calvin channery silt loam - 3 to 10% slopes,Calvin channery silt loam,CaB,585.1028559891088,22443.75
15506.656,573.599,82.0,202.0,23.0,Calvin extremely stony silt loam - neutral substratum - 40 to 65% slopes,Calvin extremely stony silt loam,CnF,573.5994269584933,15506.65625
5616.781,387.475,83.0,201.0,60.0,Dekalb loam - 3 to 10% slopes,Dekalb loam,DkB,387.4747856925718,5616.78125
14191.109,858.458,84.0,200.0,59.0,Dekalb channery loam - 3 to 10% slopes,Dekalb channery loam,DaB,858.4577403016104,14191.109375
193094.406,6015.262,85.0,199.0,59.0,Dekalb channery loam - 10 to 20% slopes,Dekalb channery loam,DaC,6015.261860102403,193094.40625
21479.719,1394.158,86.0,198.0,59.0,Dekalb channery loam - 40 to 65% slopes,Dekalb channery loam,DaF,1394.1581448612026,21479.71875
213862.297,3497.257,87.0,197.0,23.0,Calvin extremely stony silt loam - neutral substratum - 40 to 65% slopes,Calvin extremely stony silt loam,CnF,3497.256770392988,213862.296875
6102.938,311.886,88.0,196.0,103.0,Barbour and Pope gravelly sandy loam,Barbour and Pope gravelly sandy loam,Bc,311.88620633529604,6102.9375
2624.141,210.539,89.0,195.0,59.0,Dekalb channery loam - 10 to 20% slopes,Dekalb channery loam,DaC,210.53908566229336,2624.140625
58883.719,1768.064,90.0,194.0,129.0,Cookport silt loam - 2 to 10% slopes,Cookport silt loam,CoB,1768.0638701369176,58883.71875
72524.531,1233.873,91.0,193.0,57.0,Belmont silt loam,Belmont silt loam,BmE,1233.873357047439,72524.53125
24216.422,1181.982,92.0,192.0,67.0,Ernest silt loam - 8 to 15% slopes,Ernest silt loam,EnC,1181.9815436353654,24216.421875
21496.172,563.554,93.0,191.0,60.0,Dekalb extremely stony loam - 3 to 20% slopes,Dekalb extremely stony loam,DmC,563.5541761511226,21496.171875
5528.047,408.213,94.0,190.0,23.0,Calvin channery silt loam - 30 to 40% slopes,Calvin channery silt loam,CaE,408.2127006439619,5528.046875
5928.844,415.521,95.0,189.0,23.0,Calvin channery silt loam - 20 to 30% slopes,Calvin channery silt loam,CaD,415.5214386048938,5928.84375
163949.203,5969.894,96.0,188.0,23.0,Calvin channery silt loam - 20 to 30% slopes,Calvin channery silt loam,CaD,5969.89400375475,163949.203125
191473.484,3826.513,97.0,187.0,23.0,Calvin channery silt loam - 30 to 40% slopes,Calvin channery silt loam,CaE,3826.5128832355135,191473.484375
1426.219,174.314,98.0,186.0,59.0,Dekalb channery loam - 10 to 20% slopes,Dekalb channery loam,DaC,174.31434920233153,1426.21875
29754.484,1580.879,99.0,185.0,59.0,Dekalb channery loam - 40 to 65% slopes,Dekalb channery loam,DaF,1580.8788421159402,29754.484375
81336.219,1359.218,100.0,184.0,57.0,Belmont very stony silt loam - 40 to 70% slopes,Belmont very stony silt loam,BnF,1359.2179075498252,81336.21875
12867.547,544.371,101.0,183.0,23.0,Calvin channery silt loam - neutral substratum - 3 to 10% slopes,Calvin channery silt loam,ChB,544.3707705268237,12867.546875
5933.031,306.1,102.0,182.0,23.0, Calvin channery silt loam - 3 to 10% slopes,Calvin channery silt loam,CaB,306.0998566062473,5933.03125
31360.828,1006.624,103.0,181.0,59.0,Dekalb channery loam - 10 to 20% slopes,Dekalb channery loam,DaC,1006.6239674528414,31360.828125
47014.031,1168.27,104.0,180.0,67.0,Ernest extremely stony silt loam - 15 to 35% slopes,Ernest extremely stony silt loam,ErD,1168.2701076913656,47014.03125
22032.094,630.412,105.0,179.0,23.0,Calvin channery silt loam - neutral substratum - 30 to 40% slopes,Calvin channery silt loam,ChE,630.4120098663099,22032.09375
16736.516,618.202,106.0,178.0,57.0,Belmont silt loam - 3 to 10% slopes,Belmont silt loam,BmB,618.2020886919028,16736.515625
36358.719,1220.162,107.0,177.0,23.0,Calvin channery silt loam - 10 to 20% slopes,Calvin channery silt loam,CaC,1220.1616736239728,36358.71875
81011.063,2438.422,108.0,176.0,23.0,Calvin channery silt loam - 30 to 40% slopes,Calvin channery silt loam,CaE,2438.4215309223573,81011.0625
1872.031,199.9,109.0,175.0,12.0,Brinkerton and Nolo extremely stony soils - 3 to 15% slopes,Brinkerton and Nolo extremely stony soils,BsC,199.89966358698172,1872.03125
37136.609,1194.485,110.0,174.0,57.0,Belmont silt loam - 20 to 30% slopes,Belmont silt loam,BmD,1194.4854089522612,37136.609375
63719.031,1184.799,111.0,173.0,57.0,Belmont silt loam,Belmont silt loam,BmE,1184.7994522057909,63719.03125
29248.063,1282.118,112.0,172.0,23.0,Calvin channery silt loam - 20 to 30% slopes,Calvin channery silt loam,CaD,1282.1177990622418,29248.0625
18682.469,849.965,113.0,171.0,23.0,Calvin channery silt loam - 30 to 40% slopes,Calvin channery silt loam,CaE,849.9650165045296,18682.46875
68453.188,1932.535,114.0,170.0,60.0,Dekalb extremely stony loam - 20 to 40% slopes,Dekalb extremely stony loam,DmE,1932.5352814987932,68453.1875
3780.859,291.021,115.0,169.0,67.0,Ernest extremely stony silt loam - 3 to 15% slopes,Ernest extremely stony silt loam,ErC,291.0214953584463,3780.859375
12490.891,546.831,116.0,168.0,23.0,Calvin channery silt loam - 10 to 20% slopes,Calvin channery silt loam,CaC,546.8314192813892,12490.890625
9874.156,439.886,117.0,167.0,23.0, Calvin extremely stony silt loam - neutral substratum - 3 to 20% slopes,Calvin extremely stony silt loam,CnC,439.8856070441452,9874.15625
36031.984,1030.228,118.0,166.0,4.0,Very stony land-Dekalb complex - 20 to 40% slopes,Very stony land-  Dekalb complex,VdE,1030.2276987775017,36031.984375
178579.281,5426.47,119.0,165.0,23.0,Calvin channery silt loam - 10 to 20% slopes,Calvin channery silt loam,CaC,5426.470356513334,178579.28125
8028.141,521.38,120.0,164.0,81.0,Very stony land-Dekalb complex - 40 to 80% slopes,Very stony land-  Dekalb complex,VdF,521.3798673776298,8028.140625
227382.125,5260.295,121.0,163.0,23.0,Calvin channery silt loam - neutral substratum - 40 to 65% slopes,Calvin channery silt loam,ChF,5260.295329726237,227382.125
55721.828,1878.006,122.0,162.0,23.0,Calvin channery silt loam - 10 to 20% slopes,Calvin channery silt loam,CaC,1878.0057934195095,55721.828125
15331.703,926.131,123.0,161.0,17.0,Sandstone rubble land,Sandstone rubble land,Sa,926.1309801387441,15331.703125
12050.094,522.835,124.0,160.0,59.0,Dekalb channery loam - 3 to 10% slopes,Dekalb channery loam,DaB,522.8347347572796,12050.09375
10233.125,548.436,125.0,159.0,59.0,Dekalb channery loam - 10 to 20% slopes,Dekalb channery loam,DaC,548.4359016511153,10233.125
5622.5,331.449,126.0,158.0,23.0,Calvin channery silt loam - neutral substratum - 10 to 20% slopes,Calvin channery silt loam,ChC,331.44891162727004,5622.5
9679.813,445.851,127.0,157.0,59.0,Dekalb channery loam - 10 to 20% slopes,Dekalb channery loam,DaC,445.8509838636908,9679.8125
11141.672,792.032,128.0,156.0,59.0,Dekalb channery loam - 40 to 65% slopes,Dekalb channery loam,DaF,792.0317088547758,11141.671875
15.453,20.949,129.0,155.0,81.0,Very stony land-Dekalb complex - 40 to 80% slopes,Very stony land-  Dekalb complex,VdF,20.948922981924984,15.453125
18773.672,757.807,130.0,153.0,23.0,Calvin channery silt loam - 20 to 30% slopes,Calvin channery silt loam,CaD,757.8072521727039,18773.671875
2460.641,197.064,131.0,154.0,23.0,Calvin channery silt loam - neutral substratum - 10 to 20% slopes,Calvin channery silt loam,ChC,197.06448710456402,2460.640625
2968.922,262.645,132.0,152.0,23.0,Calvin channery silt loam - neutral substratum - 30 to 40% slopes,Calvin channery silt loam,ChE,262.6450226826597,2968.921875
7561.828,378.341,133.0,151.0,59.0,Dekalb channery loam - 10 to 20% slopes,Dekalb channery loam,DaC,378.3409103591838,7561.828125
7827.984,428.296,134.0,150.0,23.0,Calvin channery silt loam - 20 to 30% slopes,Calvin channery silt loam,CaD,428.29605718743136,7827.984375
9.469,38.017,135.0,149.0,23.0,Calvin channery silt loam - neutral substratum - 10 to 20% slopes,Calvin channery silt loam,ChC,38.01676527452187,9.46875
6263.125,406.406,136.0,148.0,23.0,Calvin channery silt loam - neutral substratum - 10 to 20% slopes,Calvin channery silt loam,ChC,406.4055115567423,6263.125
101726.281,1761.526,137.0,147.0,57.0,Belmont very stony silt loam - 30 to 40% slopes,Belmont very stony silt loam,BnE,1761.5263186512068,101726.28125
28984.188,856.928,138.0,146.0,23.0,Calvin channery silt loam - neutral substratum - 30 to 40% slopes,Calvin channery silt loam,ChE,856.9277330243052,28984.1875
9307.547,370.386,139.0,145.0,23.0, Calvin channery silt loam - 3 to 10% slopes,Calvin channery silt loam,CaB,370.3858538914343,9307.546875
18297.422,950.962,140.0,144.0,59.0,Dekalb channery loam - 10 to 20% slopes,Dekalb channery loam,DaC,950.9623492490958,18297.421875
31756.953,2212.467,141.0,143.0,59.0,Dekalb channery loam - 40 to 65% slopes,Dekalb channery loam,DaF,2212.4665380886468,31756.953125
15543.234,849.386,142.0,142.0,60.0,Dekalb extremely stony loam - 40 to 70% slopes,Dekalb extremely stony loam,DmF,849.3857716993913,15543.234375
107918.063,6833.601,143.0,141.0,83.0,Alluvial land,Alluvial land,Al,6833.601103617704,107918.0625
34534.688,2034.417,144.0,140.0,60.0,Dekalb extremely stony loam - 40 to 70% slopes,Dekalb extremely stony loam,DmF,2034.416486385147,34534.6875
34383.625,825.437,145.0,139.0,23.0,Calvin channery silt loam - 20 to 30% slopes,Calvin channery silt loam,CaD,825.4373056546035,34383.625
13853.781,771.125,146.0,138.0,23.0,Calvin channery silt loam - 30 to 40% slopes,Calvin channery silt loam,CaE,771.1249844435596,13853.78125
16831.016,643.703,147.0,137.0,23.0,Calvin channery silt loam - neutral substratum - 20 to 30% slopes,Calvin channery silt loam,ChD,643.7027193316952,16831.015625
10520.016,397.553,148.0,136.0,59.0,Dekalb channery loam - 10 to 20% slopes,Dekalb channery loam,DaC,397.5532870324545,10520.015625
53944.578,2788.894,149.0,135.0,23.0,Calvin channery silt loam - 20 to 30% slopes,Calvin channery silt loam,CaD,2788.8935303805724,53944.578125
15040.109,614.03,150.0,134.0,23.0,Calvin channery silt loam - neutral substratum - 3 to 10% slopes,Calvin channery silt loam,ChB,614.0303185450399,15040.109375
8909.969,346.055,151.0,133.0,23.0,Calvin channery silt loam - 10 to 20% slopes,Calvin channery silt loam,CaC,346.0552197514254,8909.96875
7375.625,472.699,152.0,132.0,59.0,Dekalb channery loam - 20 to 30% slopes,Dekalb channery loam,DaD,472.6990084898592,7375.625
5358.656,434.99,153.0,131.0,47.0,Water,Water,Wa,434.990040857026,5358.65625
43264.688,1457.513,154.0,130.0,57.0,Belmont silt loam - 20 to 30% slopes,Belmont silt loam,BmD,1457.5126413829676,43264.6875
255939.125,5881.14,155.0,129.0,23.0,Calvin channery silt loam - 20 to 30% slopes,Calvin channery silt loam,CaD,5881.139513273942,255939.125
16876.625,510.684,156.0,128.0,59.0,Dekalb channery loam - 3 to 10% slopes,Dekalb channery loam,DaB,510.6843527996078,16876.625
67165.828,1132.934,157.0,127.0,57.0,Belmont silt loam,Belmont silt loam,BmE,1132.9343867054606,67165.828125
10805.813,541.864,158.0,126.0,60.0,Dekalb loam - 3 to 10% slopes,Dekalb loam,DkB,541.8643074744373,10805.8125
42425.781,1852.705,159.0,125.0,59.0,Dekalb channery loam - 40 to 65% slopes,Dekalb channery loam,DaF,1852.7051491200357,42425.78125
11164.656,640.877,160.0,124.0,59.0,Dekalb channery loam - 3 to 10% slopes,Dekalb channery loam,DaB,640.876962799377,11164.65625
28112.109,876.694,161.0,123.0,59.0,Dekalb channery loam - 3 to 10% slopes,Dekalb channery loam,DaB,876.6944280172115,28112.109375
98802.094,2749.491,162.0,122.0,59.0,Dekalb channery loam - 20 to 30% slopes,Dekalb channery loam,DaD,2749.4913522736038,98802.09375
2447.328,217.449,163.0,121.0,23.0,Calvin channery silt loam - neutral substratum - 20 to 30% slopes,Calvin channery silt loam,ChD,217.4490943342732,2447.328125
66161.672,1391.857,164.0,120.0,59.0,Dekalb channery loam - 10 to 20% slopes,Dekalb channery loam,DaC,1391.8565397260043,66161.671875
4896.125,275.972,165.0,119.0,23.0,Calvin channery silt loam - 10 to 20% slopes,Calvin channery silt loam,CaC,275.9721648656349,4896.125
112717.297,2227.906,166.0,118.0,59.0,Dekalb channery loam - 20 to 30% slopes,Dekalb channery loam,DaD,2227.9054768440565,112717.296875
23061.938,853.754,167.0,117.0,59.0,Dekalb channery loam - 20 to 30% slopes,Dekalb channery loam,DaD,853.7536758072388,23061.9375
27988.172,1079.093,168.0,116.0,23.0, Calvin channery silt loam - 3 to 10% slopes,Calvin channery silt loam,CaB,1079.0930241744768,27988.171875
5463.516,321.135,169.0,115.0,59.0,Dekalb channery loam - 10 to 20% slopes,Dekalb channery loam,DaC,321.13500474852106,5463.515625
32229.906,1034.882,170.0,114.0,23.0,Calvin channery silt loam - 10 to 20% slopes,Calvin channery silt loam,CaC,1034.8824108501583,32229.90625
261020.875,6099.161,171.0,113.0,23.0,Calvin channery silt loam - 40 to 65% slopes,Calvin channery silt loam,CaF,6099.161057102207,261020.875
59864.781,2289.533,172.0,112.0,23.0,Calvin channery silt loam - 30 to 40% slopes,Calvin channery silt loam,CaE,2289.5334220314385,59864.78125
17678.672,765.33,173.0,111.0,23.0, Calvin channery silt loam - 3 to 10% slopes,Calvin channery silt loam,CaB,765.3301020763494,17678.671875
29054.109,694.015,174.0,110.0,67.0,Ernest silt loam - 15 to 25% slopes,Ernest silt loam,EnD,694.0147193229625,29054.109375
967.422,175.417,175.0,109.0,60.0,Dekalb extremely stony loam - 40 to 70% slopes,Dekalb extremely stony loam,DmF,175.41718121692418,967.421875
10594.547,594.703,176.0,108.0,59.0,Dekalb channery loam - 3 to 10% slopes,Dekalb channery loam,DaB,594.7025200800978,10594.546875
4780.375,345.461,177.0,107.0,23.0,Calvin channery silt loam - 10 to 20% slopes,Calvin channery silt loam,CaC,345.4612390122764,4780.375
39300.094,1437.121,178.0,106.0,121.0,Meckesville silt loam - 8 to 15% slopes,Meckesville silt loam,McC,1437.121201478252,39300.09375
951840.625,9537.282,179.0,105.0,60.0,Dekalb extremely stony loam - 40 to 70% slopes,Dekalb extremely stony loam,DmF,9537.282576731051,951840.640625
32537.453,972.868,180.0,104.0,57.0,Belmont very stony silt loam - 40 to 70% slopes,Belmont very stony silt loam,BnF,972.867977503421,32537.453125
6952.734,386.033,181.0,103.0,23.0,Calvin channery silt loam - 20 to 30% slopes,Calvin channery silt loam,CaD,386.032879266928,6952.734375
30119.266,989.996,182.0,102.0,23.0, Calvin channery silt loam - 3 to 10% slopes,Calvin channery silt loam,CaB,989.9962159071949,30119.265625
34597.141,988.746,183.0,101.0,59.0,Dekalb channery loam - 40 to 65% slopes,Dekalb channery loam,DaF,988.7461292213137,34597.140625
18351.828,680.668,184.0,100.0,60.0,Dekalb extremely stony loam - 20 to 40% slopes,Dekalb extremely stony loam,DmE,680.667962286332,18351.828125
46956.953,1660.629,185.0,99.0,60.0,Dekalb extremely stony loam - 40 to 70% slopes,Dekalb extremely stony loam,DmF,1660.629128646748,46956.953125
156507.094,3085.022,186.0,98.0,23.0,Calvin channery silt loam - 30 to 40% slopes,Calvin channery silt loam,CaE,3085.0221496821123,156507.09375
657.797,139.677,187.0,97.0,95.0,Gilpin channery silt loam - 40 to 70% slopes,Gilpin channery silt loam,GcF,139.67667823580274,657.796875
9328.984,616.707,188.0,96.0,59.0,Dekalb channery loam - 40 to 65% slopes,Dekalb channery loam,DaF,616.7074600108765,9328.984375
1092.859,176.68,189.0,95.0,23.0, Calvin channery silt loam - 3 to 10% slopes,Calvin channery silt loam,CaB,176.67999897171165,1092.859375
9727.859,422.202,190.0,94.0,60.0,Dekalb extremely stony loam - 3 to 20% slopes,Dekalb extremely stony loam,DmC,422.20202179276424,9727.859375
5582.297,371.035,191.0,93.0,59.0,Dekalb channery loam - 10 to 20% slopes,Dekalb channery loam,DaC,371.03466991276144,5582.296875
10740.266,694.47,192.0,92.0,59.0,Dekalb channery loam - 10 to 20% slopes,Dekalb channery loam,DaC,694.4700897847877,10740.265625
9814.719,594.462,193.0,91.0,23.0,Calvin channery silt loam - 20 to 30% slopes,Calvin channery silt loam,CaD,594.4622009825912,9814.71875
18102.0,718.875,194.0,90.0,121.0,Meckesville silt loam - 8 to 15% slopes,Meckesville silt loam,McC,718.8750836646362,18102.0
9658.469,571.39,195.0,89.0,60.0,Dekalb extremely stony loam - 3 to 20% slopes,Dekalb extremely stony loam,DmC,571.3898283184064,9658.46875
42946.156,1085.901,196.0,88.0,60.0,Dekalb extremely stony loam - 40 to 70% slopes,Dekalb extremely stony loam,DmF,1085.9007364096124,42946.15625
104743.5,2699.999,197.0,87.0,57.0,Belmont very stony silt loam - 40 to 70% slopes,Belmont very stony silt loam,BnF,2699.9989586144948,104743.5
57230.484,1890.642,198.0,86.0,23.0,Calvin channery silt loam - 10 to 20% slopes,Calvin channery silt loam,CaC,1890.641836843237,57230.484375
38639.766,1211.168,199.0,85.0,23.0,Calvin channery silt loam - 20 to 30% slopes,Calvin channery silt loam,CaD,1211.1685102255565,38639.765625
24995.219,846.01,200.0,84.0,57.0,Belmont silt loam,Belmont silt loam,BmE,846.0098221240844,24995.21875
4040.719,381.245,201.0,83.0,23.0,Calvin channery silt loam - neutral substratum - 20 to 30% slopes,Calvin channery silt loam,ChD,381.2449523383964,4040.71875
22505.438,880.451,202.0,82.0,23.0, Calvin channery silt loam - 3 to 10% slopes,Calvin channery silt loam,CaB,880.4511137780695,22505.4375
293212.813,7042.048,203.0,81.0,23.0,Calvin channery silt loam - 40 to 65% slopes,Calvin channery silt loam,CaF,7042.048242011692,293212.8125
18646.297,660.984,204.0,80.0,59.0,Dekalb channery loam - 3 to 10% slopes,Dekalb channery loam,DaB,660.9835343906042,18646.296875
8929.484,429.465,205.0,79.0,57.0,Belmont silt loam - 20 to 30% slopes,Belmont silt loam,BmD,429.4651423632785,8929.484375
14574.969,555.965,206.0,78.0,57.0,Belmont silt loam,Belmont silt loam,BmE,555.9646776152438,14574.96875
43646.156,794.715,207.0,77.0,60.0,Dekalb extremely stony loam - 20 to 40% slopes,Dekalb extremely stony loam,DmE,794.714866186447,43646.15625
4792.078,298.88,208.0,76.0,57.0,Belmont silt loam - 20 to 30% slopes,Belmont silt loam,BmD,298.87984102226284,4792.078125
34890.844,1392.96,209.0,75.0,121.0,Meckesville silt loam - 8 to 15% slopes,Meckesville silt loam,McC,1392.9596871886495,34890.84375
22585.453,1175.032,210.0,74.0,23.0,Calvin channery silt loam - 20 to 30% slopes,Calvin channery silt loam,CaD,1175.0324380660902,22585.453125
7353.328,417.061,211.0,73.0,23.0,Calvin channery silt loam - neutral substratum - 40 to 65% slopes,Calvin channery silt loam,ChF,417.0612573129729,7353.328125
10961.313,451.906,212.0,72.0,57.0,Belmont very stony silt loam - 40 to 70% slopes,Belmont very stony silt loam,BnF,451.9061240633305,10961.3125
65777.109,1074.677,213.0,71.0,57.0,Belmont silt loam - 20 to 30% slopes,Belmont silt loam,BmD,1074.6766464665457,65777.109375
22355.719,1047.852,214.0,70.0,60.0,Dekalb extremely stony loam - 3 to 20% slopes,Dekalb extremely stony loam,DmC,1047.8517904561945,22355.71875
10102.375,415.506,215.0,69.0,60.0,Dekalb extremely stony loam - 3 to 20% slopes,Dekalb extremely stony loam,DmC,415.5058851889162,10102.375
7916.188,600.777,216.0,68.0,23.0,Calvin channery silt loam - 10 to 20% slopes,Calvin channery silt loam,CaC,600.7770751397431,7916.1875
39122.469,958.448,217.0,67.0,0.0,Gilpin channery silt loam- 3 to 10% slopes,Gilpin channery silt loam,GcB,958.4476046243608,39122.46875
5529.688,344.012,218.0,66.0,23.0,Calvin channery silt loam - neutral substratum - 30 to 40% slopes,Calvin channery silt loam,ChE,344.01227975595344,5529.6875
5755.391,326.32,219.0,65.0,57.0,Belmont silt loam - 20 to 30% slopes,Belmont silt loam,BmD,326.32042992236853,5755.390625
2193.047,318.18,220.0,64.0,121.0,Meckesville very stony silt loam - 15 to 30% slopes,Meckesville very stony silt loam,MkD,318.18027967646043,2193.046875
6915.188,426.235,221.0,63.0,129.0,Cookport silt loam - 2 to 10% slopes,Cookport silt loam,CoB,426.2348340089189,6915.1875
32481.047,1540.874,222.0,62.0,59.0,Dekalb channery loam - 20 to 30% slopes,Dekalb channery loam,DaD,1540.874003944877,32481.046875
132707.703,3922.402,223.0,61.0,23.0,Calvin channery silt loam - neutral substratum - 40 to 65% slopes,Calvin channery silt loam,ChF,3922.4019154057673,132707.703125
2644.938,226.959,224.0,60.0,23.0,Calvin channery silt loam - 10 to 20% slopes,Calvin channery silt loam,CaC,226.95868232619338,2644.9375
8468.281,458.142,225.0,59.0,60.0,Dekalb loam - 3 to 10% slopes,Dekalb loam,DkB,458.1416778177719,8468.28125
17353.484,623.541,226.0,58.0,60.0,Dekalb extremely stony loam - 20 to 40% slopes,Dekalb extremely stony loam,DmE,623.5408707029364,17353.484375
9581.031,393.181,227.0,57.0,23.0, Calvin channery silt loam - 3 to 10% slopes,Calvin channery silt loam,CaB,393.1812783181379,9581.03125
66711.188,1113.668,228.0,56.0,57.0,Belmont silt loam,Belmont silt loam,BmE,1113.6680480522466,66711.1875
6214.438,405.013,229.0,55.0,59.0,Dekalb channery loam - 10 to 20% slopes,Dekalb channery loam,DaC,405.0126070505214,6214.4375
14310.625,483.995,230.0,54.0,23.0, Calvin channery silt loam - 3 to 10% slopes,Calvin channery silt loam,CaB,483.9948175642115,14310.625
60080.0,1911.77,231.0,53.0,23.0,Calvin channery silt loam - 10 to 20% slopes,Calvin channery silt loam,CaC,1911.7696741631314,60080.0
1797.625,203.536,232.0,52.0,23.0,Calvin channery silt loam - 20 to 30% slopes,Calvin channery silt loam,CaD,203.53581680780405,1797.625
1031850.625,14763.317,233.0,51.0,23.0,Calvin channery silt loam - 40 to 65% slopes,Calvin channery silt loam,CaF,14763.317758331203,1031850.59375
8109.563,409.589,234.0,50.0,23.0,Calvin channery silt loam - neutral substratum - 10 to 20% slopes,Calvin channery silt loam,ChC,409.588925131287,8109.5625
5517.109,336.356,235.0,49.0,23.0,Calvin channery silt loam - 10 to 20% slopes,Calvin channery silt loam,CaC,336.35586523266966,5517.109375
14309.625,525.524,236.0,48.0,23.0,Calvin channery silt loam - neutral substratum - 10 to 20% slopes,Calvin channery silt loam,ChC,525.5243360632968,14309.625
3696.172,306.499,237.0,47.0,23.0,Calvin channery silt loam - neutral substratum - 20 to 30% slopes,Calvin channery silt loam,ChD,306.4989781324576,3696.171875
138416.781,3641.656,238.0,46.0,0.0,Gilpin channery silt loam- 3 to 10% slopes,Gilpin channery silt loam,GcB,3641.656514796013,138416.78125
383686.688,3756.65,239.0,45.0,23.0, Calvin extremely stony silt loam - neutral stubstrtum - 20 to 40% slopes,Calvin extremely stony silt loam,CnE,3756.649675404355,383686.6875
16437.141,666.032,240.0,44.0,60.0,Dekalb extremely stony loam - 3 to 20% slopes,Dekalb extremely stony loam,DmC,666.0322295760502,16437.140625
98513.984,1863.263,241.0,43.0,57.0,Belmont very stony silt loam - 30 to 40% slopes,Belmont very stony silt loam,BnE,1863.2631003513895,98513.984375
147703.578,2412.507,242.0,42.0,121.0,Meckesville very stony silt loam - 15 to 30% slopes,Meckesville very stony silt loam,MkD,2412.5068435289963,147703.578125
39719.141,959.404,243.0,40.0,23.0,Calvin channery silt loam - 10 to 20% slopes,Calvin channery silt loam,CaC,959.4037305530635,39719.140625
12851.219,415.961,244.0,41.0,23.0,Calvin channery silt loam - neutral substratum - 10 to 20% slopes,Calvin channery silt loam,ChC,415.9608856569266,12851.21875
138511.938,3907.507,245.0,39.0,23.0,Calvin channery silt loam - 20 to 30% slopes,Calvin channery silt loam,CaD,3907.5073398003824,138511.9375
149098.547,3196.381,246.0,38.0,23.0,Calvin channery silt loam - 10 to 20% slopes,Calvin channery silt loam,CaC,3196.381019419784,149098.546875
9469.813,525.568,247.0,37.0,121.0,Meckesville silt loam - 8 to 15% slopes,Meckesville silt loam,McC,525.5678507083256,9469.8125
64667.375,1302.655,248.0,36.0,23.0,Calvin channery silt loam - 20 to 30% slopes,Calvin channery silt loam,CaD,1302.6553261870524,64667.375
22172.297,621.659,249.0,35.0,121.0,Meckesville very stony silt loam - 3 to 15% slopes,Meckesville very stony silt loam,MkC,621.6587461284561,22172.296875
6140.406,392.565,250.0,34.0,23.0,Calvin channery silt loam - 10 to 20% slopes,Calvin channery silt loam,CaC,392.56549558364145,6140.40625
25176.531,837.856,251.0,33.0,59.0,Dekalb channery loam - 10 to 20% slopes,Dekalb channery loam,DaC,837.8562670627232,25176.53125
19753.672,796.468,252.0,32.0,60.0,Dekalb extremely stony loam - 3 to 20% slopes,Dekalb extremely stony loam,DmC,796.4681810945082,19753.671875
5410.547,326.846,253.0,31.0,23.0,Calvin channery silt loam - 20 to 30% slopes,Calvin channery silt loam,CaD,326.8456896109743,5410.546875
79152.859,1650.775,254.0,30.0,121.0,Meckesville silt loam - 8 to 15% slopes,Meckesville silt loam,McC,1650.7751438668508,79152.859375
206085.0,2601.148,255.0,29.0,4.0,Very stony land-Dekalb complex - 20 to 40% slopes,Very stony land-  Dekalb complex,VdE,2601.1479233150085,206085.0
45059.766,1210.712,256.0,28.0,23.0,Calvin channery silt loam - 30 to 40% slopes,Calvin channery silt loam,CaE,1210.7120920560453,45059.765625
116282.469,2526.863,257.0,27.0,23.0,Calvin extremely stony silt loam - neutral substratum - 40 to 65% slopes,Calvin extremely stony silt loam,CnF,2526.862848153319,116282.46875
14976.266,920.954,258.0,26.0,23.0,Calvin channery silt loam - 30 to 40% slopes,Calvin channery silt loam,CaE,920.9536067146553,14976.265625
15241.266,678.719,259.0,25.0,67.0,Ernest silt loam - 8 to 15% slopes,Ernest silt loam,EnC,678.7194961690459,15241.265625
13171.438,538.85,260.0,24.0,60.0,Dekalb extremely stony loam - 3 to 20% slopes,Dekalb extremely stony loam,DmC,538.8496071643198,13171.4375
5305.5,358.522,261.0,23.0,59.0,Dekalb channery loam - 20 to 30% slopes,Dekalb channery loam,DaD,358.5223552169917,5305.5
44111.0,1570.935,262.0,22.0,59.0,Dekalb channery loam - 10 to 20% slopes,Dekalb channery loam,DaC,1570.9352700236443,44111.0
57520.609,1360.496,263.0,21.0,57.0,Belmont silt loam,Belmont silt loam,BmE,1360.4962306707093,57520.609375
70220.203,1791.573,264.0,20.0,57.0,Belmont silt loam - 20 to 30% slopes,Belmont silt loam,BmD,1791.5725250220344,70220.203125
268.078,98.135,265.0,19.0,123.0,Very stony land-Leetonia complex - 3 to 20% slopes,Very stony land-  Leetonia complex,VlC,98.13471533462136,268.078125
27400.516,1186.313,266.0,18.0,59.0,Dekalb channery loam - 3 to 10% slopes,Dekalb channery loam,DaB,1186.3130258152883,27400.515625
15829.344,627.133,267.0,17.0,23.0,Calvin channery silt loam - 20 to 30% slopes,Calvin channery silt loam,CaD,627.1326672450343,15829.34375
13443.219,473.716,268.0,16.0,60.0,Dekalb extremely stony loam - 3 to 20% slopes,Dekalb extremely stony loam,DmC,473.7162251164889,13443.21875
20914.484,835.601,269.0,15.0,121.0,Meckesville very stony silt loam - 3 to 15% slopes,Meckesville very stony silt loam,MkC,835.6012623030842,20914.484375
4028.031,301.856,270.0,14.0,59.0,Dekalb channery loam - 10 to 20% slopes,Dekalb channery loam,DaC,301.85591692628384,4028.03125
8213.875,451.317,271.0,13.0,59.0,Dekalb channery loam - 20 to 30% slopes,Dekalb channery loam,DaD,451.3166508657525,8213.875
10059.703,402.617,272.0,12.0,59.0,Dekalb channery loam - 3 to 10% slopes,Dekalb channery loam,DaB,402.61744148758487,10059.703125
46080.531,1390.75,273.0,11.0,23.0,Calvin channery silt loam - 30 to 40% slopes,Calvin channery silt loam,CaE,1390.74946739948,46080.53125
21569.719,691.517,274.0,10.0,60.0,Dekalb extremely stony loam - 3 to 20% slopes,Dekalb extremely stony loam,DmC,691.5167591669702,21569.71875
21847.453,1215.738,275.0,9.0,59.0,Dekalb channery loam - 40 to 65% slopes,Dekalb channery loam,DaF,1215.7383921005764,21847.453125
50084.0,1103.756,276.0,8.0,57.0,Belmont very stony silt loam - 40 to 70% slopes,Belmont very stony silt loam,BnF,1103.756332561689,50084.0
6031.203,345.551,277.0,7.0,23.0,Calvin channery silt loam - 10 to 20% slopes,Calvin channery silt loam,CaC,345.55052426959423,6031.203125
6152.469,431.209,278.0,6.0,60.0,Dekalb extremely stony loam - 3 to 20% slopes,Dekalb extremely stony loam,DmC,431.2093865948398,6152.46875
9129.672,384.07,279.0,5.0,23.0, Calvin channery silt loam - 3 to 10% slopes,Calvin channery silt loam,CaB,384.0702338720293,9129.671875
41679.531,1378.25,280.0,4.0,23.0,Calvin channery silt loam - 10 to 20% slopes,Calvin channery silt loam,CaC,1378.250535228334,41679.53125
1023.078,307.277,281.0,3.0,23.0, Calvin extremely stony silt loam - neutral stubstrtum - 20 to 40% slopes,Calvin extremely stony silt loam,CnE,307.27720982911404,1023.078125
335.547,86.966,282.0,2.0,60.0,Dekalb extremely stony loam - 20 to 40% slopes,Dekalb extremely stony loam,DmE,86.96603483149748,335.546875
10735.578,519.307,283.0,1.0,23.0,Calvin extremely stony silt loam - neutral substratum - 40 to 65% slopes,Calvin extremely stony silt loam,CnF,519.3065203564047,10735.578125
