AREA,PERIMETER,PLASS1,CLASS_LEVE,CLASS_CODE,CLASS_REFE,CLASS_SHOR,CLASS_LONG,CLASS_LO_1,CLASS_SET_,CLASS_STAT,CLASS_GEOG,PARENT_CLA,Shape_Length,Shape_Area
846352.51563,8350.39401,220.0,PVPA,220.0,DeMeo et al 093002,ACSA-TIAM,Sugar maple-basswood plant association,Acer saccharum-Tilia americana,Mon ECS,Draft,Monongahela NF,22.0,226.72476851268922,2447.1586877324116
279109.48438,2821.44755,230.0,PVPA,230.0,DeMeo et al 093002,ACSA-QURU,Sugar maple-northern red oak plant association,Acer saccharum-Quercus rubra,Mon ECS,Draft,Monongahela NF,23.0,987.2135823016149,52285.451195628506
293902.75,3370.05206,470.0,PVPA,470.0,DeMeo et al 093002,QUPR-QURU,Chestnut oak-northern red oak plant association,Quercus prinus-Quercus rubra,Mon ECS,Draft,Monongahela NF,47.0,748.2948877665756,30764.23335169682
341158.90625,3308.14869,220.0,PVPA,220.0,DeMeo et al 093002,ACSA-TIAM,Sugar maple-basswood plant association,Acer saccharum-Tilia americana,Mon ECS,Draft,Monongahela NF,22.0,2258.715585204746,65096.96364948986
103726.35938,2119.10669,220.0,PVPA,220.0,DeMeo et al 093002,ACSA-TIAM,Sugar maple-basswood plant association,Acer saccharum-Tilia americana,Mon ECS,Draft,Monongahela NF,22.0,1268.66012688955,26708.465837133583
186918.1875,2183.04852,230.0,PVPA,230.0,DeMeo et al 093002,ACSA-QURU,Sugar maple-northern red oak plant association,Acer saccharum-Quercus rubra,Mon ECS,Draft,Monongahela NF,23.0,2118.7542404551923,176226.30056795818
291425.17188,6391.21881,470.0,PVPA,470.0,DeMeo et al 093002,QUPR-QURU,Chestnut oak-northern red oak plant association,Quercus prinus-Quercus rubra,Mon ECS,Draft,Monongahela NF,47.0,6208.00832362644,178813.24731236696
279835.20313,3334.34723,220.0,PVPA,220.0,DeMeo et al 093002,ACSA-TIAM,Sugar maple-basswood plant association,Acer saccharum-Tilia americana,Mon ECS,Draft,Monongahela NF,22.0,3334.467916158797,279849.725068841
56735.90625,1157.72473,220.0,PVPA,220.0,DeMeo et al 093002,ACSA-TIAM,Sugar maple-basswood plant association,Acer saccharum-Tilia americana,Mon ECS,Draft,Monongahela NF,22.0,1157.7831745636715,56738.895450745775
291242.95313,2963.26542,220.0,PVPA,220.0,DeMeo et al 093002,ACSA-TIAM,Sugar maple-basswood plant association,Acer saccharum-Tilia americana,Mon ECS,Draft,Monongahela NF,22.0,2963.3577705053613,291258.2642011217
179333.92188,2546.26852,220.0,PVPA,220.0,DeMeo et al 093002,ACSA-TIAM,Sugar maple-basswood plant association,Acer saccharum-Tilia americana,Mon ECS,Draft,Monongahela NF,22.0,2546.3626103826714,179343.21987067218
238062.57813,2382.65497,220.0,PVPA,220.0,DeMeo et al 093002,ACSA-TIAM,Sugar maple-basswood plant association,Acer saccharum-Tilia americana,Mon ECS,Draft,Monongahela NF,22.0,2382.695996760192,238074.9286987721
76560.70313,1313.74794,300.0,PVPA,300.0,DeMeo et al 093002,FAGR,American beech plant association,Fagus grandifolia,Mon ECS,Draft,Monongahela NF,30.0,1313.803621865284,76564.62488904572
1212703.53125,9586.76353,239.0, ,0.0, , , , , , , ,0.0,7435.279289758932,1024854.0927243691
2322972.35938,11751.6549,238.0, ,0.0, , , , , , , ,0.0,1261.7760529533775,12447.77495351276
696765.8125,20802.53236,212.0, ,0.0, , , , , , , ,0.0,20352.876349520095,675963.6332296699
418601.40625,4512.1407,239.0, ,0.0, , , , , , , ,0.0,4039.469297084005,374306.5010300659
259171.15625,2140.96603,239.0, ,0.0, , , , , , , ,0.0,2093.3770759539784,239177.01775115574
224220.10938,2962.59314,239.0, ,0.0, , , , , , , ,0.0,2962.727908121134,224231.68388204373
483747.6875,3734.88654,238.0, ,0.0, , , , , , , ,0.0,3734.93461917384,483772.9187004395
173053.34375,1977.84806,239.0, ,0.0, , , , , , , ,0.0,1977.870427875808,173062.41098787345
339792.78125,4367.95715,239.0, ,0.0, , , , , , , ,0.0,4368.08976855423,339810.3950532733
704481.04688,7759.96169,220.0,PVPA,220.0,DeMeo et al 093002,ACSA-TIAM,Sugar maple-basswood plant association,Acer saccharum-Tilia americana,Mon ECS,Draft,Monongahela NF,22.0,7760.180527730231,704518.1483795253
54674.84375,1115.43462,220.0,PVPA,220.0,DeMeo et al 093002,ACSA-TIAM,Sugar maple-basswood plant association,Acer saccharum-Tilia americana,Mon ECS,Draft,Monongahela NF,22.0,1115.476659283132,54677.63419720475
187164.0,2121.85239,220.0,PVPA,220.0,DeMeo et al 093002,ACSA-TIAM,Sugar maple-basswood plant association,Acer saccharum-Tilia americana,Mon ECS,Draft,Monongahela NF,22.0,2121.9190255774306,187173.63810921865
121578.78125,1559.14823,240.0,PVPA,240.0,DeMeo et al 093002,ACSA-FAGR,Sugar maple-American beech plant association,Acer saccharum-Fagus grandifolia,Mon ECS,Draft,Monongahela NF,24.0,1559.2092732536998,121585.03024012019
1292782.09375,7412.74449,230.0,PVPA,230.0,DeMeo et al 093002,ACSA-QURU,Sugar maple-northern red oak plant association,Acer saccharum-Quercus rubra,Mon ECS,Draft,Monongahela NF,23.0,1049.530273331408,45080.13048055121
202261.51563,2973.85387,220.0,PVPA,220.0,DeMeo et al 093002,ACSA-TIAM,Sugar maple-basswood plant association,Acer saccharum-Tilia americana,Mon ECS,Draft,Monongahela NF,22.0,2973.9755128862735,202271.95899904662
31784.48438,886.45591,210.0,PVPA,210.0,DeMeo et al 093002,TSCA,Eastern hemlock plant association,Tsuga canadensis,Mon ECS,Draft,Monongahela NF,21.0,886.4868387497571,31786.12951111579
144151.29688,2274.11156,230.0,PVPA,230.0,DeMeo et al 093002,ACSA-QURU,Sugar maple-northern red oak plant association,Acer saccharum-Quercus rubra,Mon ECS,Draft,Monongahela NF,23.0,2274.1774735561717,144158.85037135592
538052.75,3716.24054,220.0,PVPA,220.0,DeMeo et al 093002,ACSA-TIAM,Sugar maple-basswood plant association,Acer saccharum-Tilia americana,Mon ECS,Draft,Monongahela NF,22.0,3716.3602639813266,538080.7432940117
2089356.75,15015.4968,220.0,PVPA,220.0,DeMeo et al 093002,ACSA-TIAM,Sugar maple-basswood plant association,Acer saccharum-Tilia americana,Mon ECS,Draft,Monongahela NF,22.0,797.2188950335118,6788.929341050836
499171.01563,13126.65033,210.0,PVPA,210.0,DeMeo et al 093002,TSCA,Eastern hemlock plant association,Tsuga canadensis,Mon ECS,Draft,Monongahela NF,21.0,13126.969106012384,499196.9913884813
410849.04688,3441.27764,220.0,PVPA,220.0,DeMeo et al 093002,ACSA-TIAM,Sugar maple-basswood plant association,Acer saccharum-Tilia americana,Mon ECS,Draft,Monongahela NF,22.0,3441.408565162099,410870.6805779183
42075.8125,1306.04331,220.0,PVPA,220.0,DeMeo et al 093002,ACSA-TIAM,Sugar maple-basswood plant association,Acer saccharum-Tilia americana,Mon ECS,Draft,Monongahela NF,22.0,1306.1074070762581,42077.99812703617
116523.73438,2093.38308,470.0,PVPA,470.0,DeMeo et al 093002,QUPR-QURU,Chestnut oak-northern red oak plant association,Quercus prinus-Quercus rubra,Mon ECS,Draft,Monongahela NF,47.0,1682.6134324765278,37081.44501440794
118006.48438,1463.13777,220.0,PVPA,220.0,DeMeo et al 093002,ACSA-TIAM,Sugar maple-basswood plant association,Acer saccharum-Tilia americana,Mon ECS,Draft,Monongahela NF,22.0,1459.0864534308494,116945.9930708921
239456.95313,3428.22755,220.0,PVPA,220.0,DeMeo et al 093002,ACSA-TIAM,Sugar maple-basswood plant association,Acer saccharum-Tilia americana,Mon ECS,Draft,Monongahela NF,22.0,3428.377970569788,239469.43061564566
96873.26563,1945.37964,470.0,PVPA,470.0,DeMeo et al 093002,QUPR-QURU,Chestnut oak-northern red oak plant association,Quercus prinus-Quercus rubra,Mon ECS,Draft,Monongahela NF,47.0,1967.1175313934198,61555.70032302472
159913.20313,1989.24243,230.0,PVPA,230.0,DeMeo et al 093002,ACSA-QURU,Sugar maple-northern red oak plant association,Acer saccharum-Quercus rubra,Mon ECS,Draft,Monongahela NF,23.0,1989.3027553334948,159921.5015765693
303955.5,2340.55291,230.0,PVPA,230.0,DeMeo et al 093002,ACSA-QURU,Sugar maple-northern red oak plant association,Acer saccharum-Quercus rubra,Mon ECS,Draft,Monongahela NF,23.0,2340.6093864297245,303971.35057267005
2750756.54688,18793.43096,220.0,PVPA,220.0,DeMeo et al 093002,ACSA-TIAM,Sugar maple-basswood plant association,Acer saccharum-Tilia americana,Mon ECS,Draft,Monongahela NF,22.0,5182.61059060024,617084.1031875052
70166.0,1252.90698,240.0,PVPA,240.0,DeMeo et al 093002,ACSA-FAGR,Sugar maple-American beech plant association,Acer saccharum-Fagus grandifolia,Mon ECS,Draft,Monongahela NF,24.0,1252.9459983164008,70169.6695823925
117410.10938,2444.96714,220.0,PVPA,220.0,DeMeo et al 093002,ACSA-TIAM,Sugar maple-basswood plant association,Acer saccharum-Tilia americana,Mon ECS,Draft,Monongahela NF,22.0,2445.0362479733744,117416.18357205027
37698.10938,789.52342,220.0,PVPA,220.0,DeMeo et al 093002,ACSA-TIAM,Sugar maple-basswood plant association,Acer saccharum-Tilia americana,Mon ECS,Draft,Monongahela NF,22.0,789.5478818031631,37700.07342601832
186410.04688,5897.9183,210.0,PVPA,210.0,DeMeo et al 093002,TSCA,Eastern hemlock plant association,Tsuga canadensis,Mon ECS,Draft,Monongahela NF,21.0,3542.9080253765683,110555.2107591711
754385.39063,7822.35162,220.0,PVPA,220.0,DeMeo et al 093002,ACSA-TIAM,Sugar maple-basswood plant association,Acer saccharum-Tilia americana,Mon ECS,Draft,Monongahela NF,22.0,7490.569913157108,675392.144074289
43509.04688,890.16488,230.0,PVPA,230.0,DeMeo et al 093002,ACSA-QURU,Sugar maple-northern red oak plant association,Acer saccharum-Quercus rubra,Mon ECS,Draft,Monongahela NF,23.0,890.190252308268,43511.3193979363
21808.85938,758.9012,220.0,PVPA,220.0,DeMeo et al 093002,ACSA-TIAM,Sugar maple-basswood plant association,Acer saccharum-Tilia americana,Mon ECS,Draft,Monongahela NF,22.0,758.917602653131,21810.000894415993
61694.76563,1440.86215,220.0,PVPA,220.0,DeMeo et al 093002,ACSA-TIAM,Sugar maple-basswood plant association,Acer saccharum-Tilia americana,Mon ECS,Draft,Monongahela NF,22.0,1440.9061799388764,61697.96701989074
23996.90625,731.70487,220.0,PVPA,220.0,DeMeo et al 093002,ACSA-TIAM,Sugar maple-basswood plant association,Acer saccharum-Tilia americana,Mon ECS,Draft,Monongahela NF,22.0,731.7210245621346,23998.153652969442
106096.5,1403.75506,470.0,PVPA,470.0,DeMeo et al 093002,QUPR-QURU,Chestnut oak-northern red oak plant association,Quercus prinus-Quercus rubra,Mon ECS,Draft,Monongahela NF,47.0,1403.8037936629541,106102.06776147941
158371.75,3203.54073,470.0,PVPA,470.0,DeMeo et al 093002,QUPR-QURU,Chestnut oak-northern red oak plant association,Quercus prinus-Quercus rubra,Mon ECS,Draft,Monongahela NF,47.0,2095.436781620353,69834.87464481925
38647965.02896,159706.91251,300.0,PVPA,300.0,DeMeo et al 093002,FAGR,American beech plant association,Fagus grandifolia,Mon ECS,Draft,Monongahela NF,30.0,2903.2731968635244,398302.28082167316
239358.125,4042.6741,220.0,PVPA,220.0,DeMeo et al 093002,ACSA-TIAM,Sugar maple-basswood plant association,Acer saccharum-Tilia americana,Mon ECS,Draft,Monongahela NF,22.0,2710.8230451948098,193517.0134702233
36870.23438,849.32724,240.0,PVPA,240.0,DeMeo et al 093002,ACSA-FAGR,Sugar maple-American beech plant association,Acer saccharum-Fagus grandifolia,Mon ECS,Draft,Monongahela NF,24.0,849.3615315064374,36872.14283767137
278707.3125,3825.65757,240.0,PVPA,240.0,DeMeo et al 093002,ACSA-FAGR,Sugar maple-American beech plant association,Acer saccharum-Fagus grandifolia,Mon ECS,Draft,Monongahela NF,24.0,3781.6125147191033,275179.13717906334
115701.98438,2073.07821,230.0,PVPA,230.0,DeMeo et al 093002,ACSA-QURU,Sugar maple-northern red oak plant association,Acer saccharum-Quercus rubra,Mon ECS,Draft,Monongahela NF,23.0,827.660072906879,37894.61928819387
288161.73438,7445.54449,210.0,PVPA,210.0,DeMeo et al 093002,TSCA,Eastern hemlock plant association,Tsuga canadensis,Mon ECS,Draft,Monongahela NF,21.0,1251.7654520782262,41730.84960840191
87496.53125,1652.67299,238.0, ,0.0, , , , , , , ,0.0,1653.8662793941442,87071.65348349689
33390.96875,813.28267,238.0, ,0.0, , , , , , , ,0.0,813.3186757839156,33392.692930608886
692583.6875,4311.90964,238.0, ,0.0, , , , , , , ,0.0,4218.550337286646,486818.099428119
741138.76563,4131.1394,239.0, ,0.0, , , , , , , ,0.0,4131.2680834457715,741177.0878947768
640319.04688,3912.70467,239.0, ,0.0, , , , , , , ,0.0,3912.84798994043,640352.528355766
198050.51563,1849.12082,211.0, ,0.0, , , , , , , ,0.0,1849.173543462438,198060.6795178576
102317.03125,1814.73843,239.0, ,0.0, , , , , , , ,0.0,1814.8099434841201,102322.4367277627
2356474.32813,10787.80836,239.0, ,0.0, , , , , , , ,0.0,3179.7251025613496,452123.0612973762
1419462.03125,7951.22887,239.0, ,0.0, , , , , , , ,0.0,7970.715545023381,1400732.532090478
106925.92188,1535.32056,239.0, ,0.0, , , , , , , ,0.0,1535.3489539759732,106931.51051812834
973214.14063,6249.64409,238.0, ,0.0, , , , , , , ,0.0,6486.27256518605,882298.3224597471
63136.125,1530.09158,239.0, ,0.0, , , , , , , ,0.0,1530.143952298128,63139.396101490755
852000.5625,6849.59633,239.0, ,0.0, , , , , , , ,0.0,6005.309700261502,558067.9015983123
140438.71875,1802.81249,239.0, ,0.0, , , , , , , ,0.0,1802.8508865623694,140446.01022756458
86805.3125,1316.01378,239.0, ,0.0, , , , , , , ,0.0,1316.069383172028,86809.79536278015
37306.70313,970.85839,239.0, ,0.0, , , , , , , ,0.0,969.2578269925,36807.31663883471
84839.21875,1481.30994,239.0, ,0.0, , , , , , , ,0.0,1481.3650566941287,84843.62691370978
160381.8125,1588.75213,211.0, ,0.0, , , , , , , ,0.0,889.1207963720043,5143.809182212199
29218.54688,753.50546,239.0, ,0.0, , , , , , , ,0.0,753.5383324324991,29220.06197530689
165499.10938,2240.33342,239.0, ,0.0, , , , , , , ,0.0,2186.7949900587428,154008.78957191925
66006.45313,1433.25601,220.0,PVPA,220.0,DeMeo et al 093002,ACSA-TIAM,Sugar maple-basswood plant association,Acer saccharum-Tilia americana,Mon ECS,Draft,Monongahela NF,22.0,1399.9731033061605,59092.3774149237
34648.09375,1070.7554,220.0,PVPA,220.0,DeMeo et al 093002,ACSA-TIAM,Sugar maple-basswood plant association,Acer saccharum-Tilia americana,Mon ECS,Draft,Monongahela NF,22.0,184.4717811381294,884.5612489409784
