sample_id,watershed,soil_subcomp,soil_plot,subplot_letter,subplot,depth_code,depth_top_cm,depth_bottom_cm,depth,horizon,soil_dw_g,BD_gcm3,core_vol_cm3,core_area_m2,volsoil_area_cm3m2,wtsoil_area_gm2,fine_root_g,fine_root_gm2,soil_C_perc,soil_C_gm2,soil_N_perc,soil_N_gm2,soil_CN,treatment,bd_note
37,WS2,WS2a,7,A,7A,0-20,0.0,20.0,0 to 20,Mineral,390.96,1.063260746,392.69908169872417,0.001963495408493621,200000.0,212652.1492,1.04,565.6799549007571,4.52,9611.87714384,0.22,467.83472824000006,20.545454545454543,Diameter-limit,"BD from one core per plot x depth, applied to all subplots"
38,WS2,WS2a,7,A,7A,20-40,20.0,40.0,20 to 40,Mineral,446.91,1.199117524,392.69908169872417,0.001963495408493621,200000.0,239823.5048,0.891,478.1337244116265,0.91,2182.39389368,0.09,215.84115432,10.111111111111112,Diameter-limit,"BD from one core per plot x depth, applied to all subplots"
39,WS2,WS2a,7,B,7B,0-20,0.0,20.0,0 to 20,Mineral,390.96,1.063260746,392.69908169872417,0.001963495408493621,200000.0,212652.1492,0.4296,233.6693352166974,2.28,4848.46900176,0.11,233.91736412000003,20.727272727272727,Diameter-limit,"BD from one core per plot x depth, applied to all subplots"
40,WS2,WS2a,7,B,7B,20-40,20.0,40.0,20 to 40,Mineral,446.91,1.199117524,392.69908169872417,0.001963495408493621,200000.0,239823.5048,0.2017,108.23745478543778,0.46,1103.1881220799999,0.06,143.89410288,7.666666666666667,Diameter-limit,"BD from one core per plot x depth, applied to all subplots"
41,WS2,WS2a,7,C,7C,0-20,0.0,20.0,0 to 20,Mineral,390.96,1.063260746,392.69908169872417,0.001963495408493621,200000.0,212652.1492,0.1965,106.88087609422959,3.27,6953.72527884,0.17,361.50865364000003,19.235294117647058,Diameter-limit,"BD from one core per plot x depth, applied to all subplots"
42,WS2,WS2a,7,C,7C,20-40,20.0,40.0,20 to 40,Mineral,446.91,1.199117524,392.69908169872417,0.001963495408493621,200000.0,239823.5048,0.1619,86.87974184314514,0.9,2158.4115432000003,0.08,191.85880384,11.25,Diameter-limit,"BD from one core per plot x depth, applied to all subplots"
43,WS2,WS2a,8,A,8A,0-20,0.0,20.0,0 to 20,Mineral,276.4,0.741617067,392.69908169872417,0.001963495408493621,200000.0,148323.4134,0.6508,349.23617019073805,2.44,3619.0912869599997,0.15,222.4851201,16.266666666666666,Diameter-limit,"BD from one core per plot x depth, applied to all subplots"
44,WS2,WS2a,8,A,8A,20-40,20.0,40.0,20 to 40,Mineral,308.71,1.092009207,392.69908169872417,0.001963495408493621,200000.0,218401.8414,0.426,301.3805333043957,1.56,3407.0687258400003,0.11,240.24202554000001,14.181818181818182,Diameter-limit,"BD from one core per plot x depth, applied to all subplots"
45,WS2,WS2a,8,B,8B,0-20,0.0,20.0,0 to 20,Mineral,276.4,0.741617067,392.69908169872417,0.001963495408493621,200000.0,148323.4134,0.3209,172.20326830701885,3.25,4820.5109354999995,0.17,252.14980278000002,19.11764705882353,Diameter-limit,"BD from one core per plot x depth, applied to all subplots"
46,WS2,WS2a,8,B,8B,20-40,20.0,40.0,20 to 40,Mineral,308.71,1.092009207,392.69908169872417,0.001963495408493621,200000.0,218401.8414,0.2657,187.97372699290597,0.84,1834.57546776,0.07,152.88128898000002,11.999999999999998,Diameter-limit,"BD from one core per plot x depth, applied to all subplots"
47,WS2,WS2a,8,C,8C,0-20,0.0,20.0,0 to 20,Mineral,276.4,0.741617067,392.69908169872417,0.001963495408493621,200000.0,148323.4134,0.6667,357.7685228429088,1.8,2669.8214412,0.12,177.98809607999996,15.000000000000002,Diameter-limit,"BD from one core per plot x depth, applied to all subplots"
48,WS2,WS2a,8,C,8C,20-40,20.0,40.0,20 to 40,Mineral,308.71,1.092009207,392.69908169872417,0.001963495408493621,200000.0,218401.8414,0.1033,73.08124199611287,0.54,1179.3699435600001,0.05,109.20092070000001,10.8,Diameter-limit,"BD from one core per plot x depth, applied to all subplots"
49,WS2,WS2b,9,A,9A,0-20,0.0,20.0,0 to 20,Mineral,337.94,0.906736873,392.69908169872417,0.001963495408493621,200000.0,181347.3746,1.4169,760.3453129867434,6.84,12404.160422640001,0.35,634.7158111,19.542857142857144,Diameter-limit,"BD from one core per plot x depth, applied to all subplots"
50,WS2,WS2b,9,A,9A,20-40,20.0,40.0,20 to 40,Mineral,251.94,0.735163919,392.69908169872417,0.001963495408493621,200000.0,147032.7838,0.4752,277.32785132079067,2.88,4234.54417344,0.15,220.5491757,19.2,Diameter-limit,"BD from one core per plot x depth, applied to all subplots"
51,WS2,WS2b,9,B,9B,0-20,0.0,20.0,0 to 20,Mineral,337.94,0.906736873,392.69908169872417,0.001963495408493621,200000.0,181347.3746,0.0678,36.383239622063094,2.49,4515.549627540001,0.13,235.75158698,19.153846153846153,Diameter-limit,"BD from one core per plot x depth, applied to all subplots"
52,WS2,WS2b,9,B,9B,20-40,20.0,40.0,20 to 40,Mineral,251.94,0.735163919,392.69908169872417,0.001963495408493621,200000.0,147032.7838,0.3138,183.13442707168377,0.74,1088.04260012,0.08,117.62622704,9.25,Diameter-limit,"BD from one core per plot x depth, applied to all subplots"
53,WS2,WS2b,9,C,9C,0-20,0.0,20.0,0 to 20,Mineral,337.94,0.906736873,392.69908169872417,0.001963495408493621,200000.0,181347.3746,0.9514,510.5459318057644,6.14,11134.72880044,0.35,634.7158111,17.542857142857144,Diameter-limit,"BD from one core per plot x depth, applied to all subplots"
54,WS2,WS2b,9,C,9C,20-40,20.0,40.0,20 to 40,Mineral,251.94,0.735163919,392.69908169872417,0.001963495408493621,200000.0,147032.7838,0.2027,118.29620257307296,1.87,2749.5130570600004,0.09,132.32950542,20.77777777777778,Diameter-limit,"BD from one core per plot x depth, applied to all subplots"
55,WS2,WS2a,10,A,10A,0-20,0.0,20.0,0 to 20,Mineral,284.88,0.80771404,392.69908169872417,0.001963495408493621,200000.0,161542.808,0.2,113.41112608817748,1.63,2633.1477703999994,0.11,177.6970888,14.818181818181817,Diameter-limit,"BD from one core per plot x depth, applied to all subplots"
56,WS2,WS2a,10,A,10A,20-40,20.0,40.0,20 to 40,Mineral,372.34,1.040930824,392.69908169872417,0.001963495408493621,200000.0,208186.1648,0.1256,70.22662700456571,0.99,2061.0430315199997,0.09,187.36754832,11.0,Diameter-limit,"BD from one core per plot x depth, applied to all subplots"
57,WS2,WS2a,10,B,10B,0-20,0.0,20.0,0 to 20,Mineral,284.88,0.80771404,392.69908169872417,0.001963495408493621,200000.0,161542.808,0.389,220.58464024150518,4.75,7673.28338,0.28,452.31986240000003,16.96428571428571,Diameter-limit,"BD from one core per plot x depth, applied to all subplots"
58,WS2,WS2a,10,B,10B,20-40,20.0,40.0,20 to 40,Mineral,372.34,1.040930824,392.69908169872417,0.001963495408493621,200000.0,208186.1648,0.0702,39.25086955191492,1.3,2706.4201424000003,0.1,208.1861648,13.0,Diameter-limit,"BD from one core per plot x depth, applied to all subplots"
59,WS2,WS2a,10,C,10C,0-20,0.0,20.0,0 to 20,Mineral,284.88,0.80771404,392.69908169872417,0.001963495408493621,200000.0,161542.808,0.3479,197.2786538303847,1.34,2164.6736272,0.1,161.54280799999998,13.4,Diameter-limit,"BD from one core per plot x depth, applied to all subplots"
60,WS2,WS2a,10,C,10C,20-40,20.0,40.0,20 to 40,Mineral,372.34,1.040930824,392.69908169872417,0.001963495408493621,200000.0,208186.1648,0.3018,168.74519132148038,4.02,8369.083824959998,0.22,458.00956256,18.27272727272727,Diameter-limit,"BD from one core per plot x depth, applied to all subplots"
61,WS2,WS2a,11,A,11A,0-20,0.0,20.0,0 to 20,Mineral,209.06,0.59274325,392.69908169872417,0.001963495408493621,200000.0,118548.65000000001,0.7106,402.9497306514877,3.13,3710.5727450000004,0.17,201.53270500000002,18.41176470588235,Diameter-limit,"BD from one core per plot x depth, applied to all subplots"
62,WS2,WS2a,11,A,11A,20-40,20.0,40.0,20 to 40,Mineral,404.64,1.100465082,392.69908169872417,0.001963495408493621,200000.0,220093.0164,0.1089,59.23321838167259,0.94,2068.8743541599997,0.06,132.05580984,15.666666666666666,Diameter-limit,"BD from one core per plot x depth, applied to all subplots"
63,WS2,WS2a,11,B,11B,0-20,0.0,20.0,0 to 20,Mineral,209.06,0.59274325,392.69908169872417,0.001963495408493621,200000.0,118548.65000000001,0.5936,336.6042219458529,3.9,4623.39735,0.2,237.09730000000002,19.5,Diameter-limit,"BD from one core per plot x depth, applied to all subplots"
64,WS2,WS2a,11,B,11B,20-40,20.0,40.0,20 to 40,Mineral,404.64,1.100465082,392.69908169872417,0.001963495408493621,200000.0,220093.0164,0.0081,4.405776573843417,1.6,3521.4882624,0.09,198.08371476,17.77777777777778,Diameter-limit,"BD from one core per plot x depth, applied to all subplots"
65,WS2,WS2a,11,C,11C,0-20,0.0,20.0,0 to 20,Mineral,209.06,0.59274325,392.69908169872417,0.001963495408493621,200000.0,118548.65000000001,0.8232,466.8001945852866,3.8,4504.8487000000005,0.23,272.661895,16.52173913043478,Diameter-limit,"BD from one core per plot x depth, applied to all subplots"
66,WS2,WS2a,11,C,11C,20-40,20.0,40.0,20 to 40,Mineral,404.64,1.100465082,392.69908169872417,0.001963495408493621,200000.0,220093.0164,0.4617,251.12926470907473,1.79,3939.66499356,0.12,264.11161968,14.916666666666668,Diameter-limit,"BD from one core per plot x depth, applied to all subplots"
67,WS2,WS2a,12,A,12A,0-20,0.0,20.0,0 to 20,Mineral,345.18,0.927077065,392.69908169872417,0.001963495408493621,200000.0,185415.413,0.2819,151.42419875050697,1.08,2002.4864604000002,0.08,148.33233040000002,13.5,Diameter-limit,"BD from one core per plot x depth, applied to all subplots"
68,WS2,WS2a,12,A,12A,20-40,20.0,40.0,20 to 40,Mineral,336.25,1.007239349,392.69908169872417,0.001963495408493621,200000.0,201447.86980000001,0.3604,215.91617033730856,0.71,1430.27987558,0.06,120.86872188,11.833333333333334,Diameter-limit,"BD from one core per plot x depth, applied to all subplots"
69,WS2,WS2a,12,B,12B,0-20,0.0,20.0,0 to 20,Mineral,345.18,0.927077065,392.69908169872417,0.001963495408493621,200000.0,185415.413,0.7334,393.9500083846109,0.74,1372.0740562,0.06,111.24924779999999,12.333333333333334,Diameter-limit,"BD from one core per plot x depth, applied to all subplots"
70,WS2,WS2a,12,B,12B,20-40,20.0,40.0,20 to 40,Mineral,336.25,1.007239349,392.69908169872417,0.001963495408493621,200000.0,201447.86980000001,0.5516,330.4643716927286,0.86,1732.4516802800001,0.07,141.01350886000003,12.285714285714285,Diameter-limit,"BD from one core per plot x depth, applied to all subplots"
71,WS2,WS2a,12,C,12C,0-20,0.0,20.0,0 to 20,Mineral,345.18,0.927077065,392.69908169872417,0.001963495408493621,200000.0,185415.413,0.8671,465.76772875688044,3.56,6600.7887028,0.16,296.66466080000004,22.25,Diameter-limit,"BD from one core per plot x depth, applied to all subplots"
72,WS2,WS2a,12,C,12C,20-40,20.0,40.0,20 to 40,Mineral,336.25,1.007239349,392.69908169872417,0.001963495408493621,200000.0,201447.86980000001,0.3239,194.04896662667662,1.51,3041.8628339800002,0.07,141.01350886000003,21.57142857142857,Diameter-limit,"BD from one core per plot x depth, applied to all subplots"
73,WS4,WS4a,13,A,13A,0-20,0.0,20.0,0 to 20,Mineral,191.68,0.507493953,392.69908169872417,0.001963495408493621,200000.0,101498.7906,0.8289,438.9208447847453,6.57,6668.47054242,0.39,395.84528334,16.846153846153847,Reference,"BD from one core per plot x depth, applied to all subplots"
74,WS4,WS4a,13,A,13A,20-40,20.0,40.0,20 to 40,Mineral,278.43,0.812462055,392.69908169872417,0.001963495408493621,200000.0,162492.411,0.1896,110.6510114772115,1.24,2014.9058963999998,0.08,129.9939288,15.5,Reference,"BD from one core per plot x depth, applied to all subplots"
75,WS4,WS4a,13,B,13B,0-20,0.0,20.0,0 to 20,Mineral,191.68,0.507493953,392.69908169872417,0.001963495408493621,200000.0,101498.7906,0.2136,113.10591439983305,6.24,6333.52453344,0.38,385.69540428,16.42105263157895,Reference,"BD from one core per plot x depth, applied to all subplots"
76,WS4,WS4a,13,B,13B,20-40,20.0,40.0,20 to 40,Mineral,278.43,0.812462055,392.69908169872417,0.001963495408493621,200000.0,162492.411,0.1121,65.4218269335201,1.9,3087.3558089999997,0.12,194.9908932,15.833333333333334,Reference,"BD from one core per plot x depth, applied to all subplots"
77,WS4,WS4a,13,C,13C,0-20,0.0,20.0,0 to 20,Mineral,191.68,0.507493953,392.69908169872417,0.001963495408493621,200000.0,101498.7906,1.6066,850.730159526085,4.24,4303.54872144,0.3,304.49637179999996,14.133333333333335,Reference,"BD from one core per plot x depth, applied to all subplots"
78,WS4,WS4a,13,C,13C,20-40,20.0,40.0,20 to 40,Mineral,278.43,0.812462055,392.69908169872417,0.001963495408493621,200000.0,162492.411,0.1157,67.52279550587221,0.72,1169.9453592,0.07,113.74468770000001,10.285714285714285,Reference,"BD from one core per plot x depth, applied to all subplots"
79,WS4,WS4a,14,A,14A,0-20,0.0,20.0,0 to 20,Mineral,240.83,0.614834222,392.69908169872417,0.001963495408493621,200000.0,122966.8444,0.522,266.53113306813935,4.83,5939.29858452,0.21,258.23037324,23.0,Reference,"BD from one core per plot x depth, applied to all subplots"
80,WS4,WS4a,14,A,14A,20-40,20.0,40.0,20 to 40,Mineral,360.2,0.95366925,392.69908169872417,0.001963495408493621,200000.0,190733.85,0.0065,3.441893461965575,0.66,1258.84341,0.07,133.513695,9.428571428571429,Reference,"BD from one core per plot x depth, applied to all subplots"
81,WS4,WS4a,14,B,14B,0-20,0.0,20.0,0 to 20,Mineral,240.83,0.614834222,392.69908169872417,0.001963495408493621,200000.0,122966.8444,0.7916,404.18782554930857,3.26,4008.7191274399997,0.17,209.04363548,19.17647058823529,Reference,"BD from one core per plot x depth, applied to all subplots"
82,WS4,WS4a,14,B,14B,20-40,20.0,40.0,20 to 40,Mineral,360.2,0.95366925,392.69908169872417,0.001963495408493621,200000.0,190733.85,0.1369,72.49157152970572,1.14,2174.36589,0.08,152.58708000000001,14.249999999999998,Reference,"BD from one core per plot x depth, applied to all subplots"
83,WS4,WS4a,14,C,14C,0-20,0.0,20.0,0 to 20,Mineral,240.83,0.614834222,392.69908169872417,0.001963495408493621,200000.0,122966.8444,0.3349,170.9986139167047,3.28,4033.3124963199994,0.17,209.04363548,19.294117647058822,Reference,"BD from one core per plot x depth, applied to all subplots"
84,WS4,WS4a,14,C,14C,20-40,20.0,40.0,20 to 40,Mineral,360.2,0.95366925,392.69908169872417,0.001963495408493621,200000.0,190733.85,0.2558,135.45174578012217,1.03,1964.558655,0.08,152.58708000000001,12.875,Reference,"BD from one core per plot x depth, applied to all subplots"
85,WS4,WS4a,15,A,15A,0-20,0.0,20.0,0 to 20,Mineral,269.78,0.743812195,392.69908169872417,0.001963495408493621,200000.0,148762.43899999998,0.5482,302.2891580539699,3.8,5652.972682,0.26,386.78234139999995,14.615384615384615,Reference,"BD from one core per plot x depth, applied to all subplots"
86,WS4,WS4a,15,A,15A,20-40,20.0,40.0,20 to 40,Mineral,207.12,0.62254455,392.69908169872417,0.001963495408493621,200000.0,124508.90999999999,0.1702,102.31467980880647,1.39,1730.6738489999998,0.1,124.50890999999999,13.899999999999999,Reference,"BD from one core per plot x depth, applied to all subplots"
87,WS4,WS4a,15,B,15B,0-20,0.0,20.0,0 to 20,Mineral,269.78,0.743812195,392.69908169872417,0.001963495408493621,200000.0,148762.43899999998,0.299,164.87496946030097,1.58,2350.4465362,0.14,208.2674146,11.285714285714285,Reference,"BD from one core per plot x depth, applied to all subplots"
88,WS4,WS4a,15,B,15B,20-40,20.0,40.0,20 to 40,Mineral,207.12,0.62254455,392.69908169872417,0.001963495408493621,200000.0,124508.90999999999,,,0.72,896.4641519999999,0.07,87.156237,10.285714285714285,Reference,"BD from one core per plot x depth, applied to all subplots"
89,WS4,WS4a,15,C,15C,0-20,0.0,20.0,0 to 20,Mineral,269.78,0.743812195,392.69908169872417,0.001963495408493621,200000.0,148762.43899999998,0.854,470.913792371562,4.02,5980.250047799998,0.29,431.4110730999999,13.86206896551724,Reference,"BD from one core per plot x depth, applied to all subplots"
90,WS4,WS4a,15,C,15C,20-40,20.0,40.0,20 to 40,Mineral,207.12,0.62254455,392.69908169872417,0.001963495408493621,200000.0,124508.90999999999,0.258,155.09510805330243,2.29,2851.254039,0.19,236.566929,12.052631578947368,Reference,"BD from one core per plot x depth, applied to all subplots"
91,WS4,WS4a,16,A,16A,0-20,0.0,20.0,0 to 20,Mineral,285.7,0.78770533,392.69908169872417,0.001963495408493621,200000.0,157541.066,0.475,261.925118480924,6.97,10980.612300199999,0.46,724.6889036,15.152173913043477,Reference,"BD from one core per plot x depth, applied to all subplots"
92,WS4,WS4a,16,A,16A,20-40,20.0,40.0,20 to 40,Mineral,302.52,0.882756961,392.69908169872417,0.001963495408493621,200000.0,176551.3922,0.0501,29.238479271519243,4.02,7097.365966439998,0.26,459.03361972,15.46153846153846,Reference,"BD from one core per plot x depth, applied to all subplots"
93,WS4,WS4a,16,B,16B,0-20,0.0,20.0,0 to 20,Mineral,285.7,0.78770533,392.69908169872417,0.001963495408493621,200000.0,157541.066,0.9021,497.4371565929296,2.85,4489.920381,0.18,283.5739188,15.833333333333334,Reference,"BD from one core per plot x depth, applied to all subplots"
94,WS4,WS4a,16,B,16B,20-40,20.0,40.0,20 to 40,Mineral,302.52,0.882756961,392.69908169872417,0.001963495408493621,200000.0,176551.3922,0.0105,6.127824997024991,1.1,1942.0653142,0.1,176.5513922,11.0,Reference,"BD from one core per plot x depth, applied to all subplots"
95,WS4,WS4a,16,C,16C,0-20,0.0,20.0,0 to 20,Mineral,285.7,0.78770533,392.69908169872417,0.001963495408493621,200000.0,157541.066,0.2725,150.26230481274064,3.84,6049.576934399999,0.29,456.86909139999995,13.241379310344827,Reference,"BD from one core per plot x depth, applied to all subplots"
96,WS4,WS4a,16,C,16C,20-40,20.0,40.0,20 to 40,Mineral,302.52,0.882756961,392.69908169872417,0.001963495408493621,200000.0,176551.3922,0.0148,8.637315233901893,1.45,2559.9951868999997,0.11,194.20653142,13.181818181818182,Reference,"BD from one core per plot x depth, applied to all subplots"
97,WS4,WS4a,17,A,17A,0-20,0.0,20.0,0 to 20,Mineral,250.02,0.653307029,392.69908169872417,0.001963495408493621,200000.0,130661.40580000001,0.8276,432.50691720694346,7.28,9512.150342240002,0.47,614.10860726,15.489361702127662,Reference,"BD from one core per plot x depth, applied to all subplots"
98,WS4,WS4a,17,A,17A,20-40,20.0,40.0,20 to 40,Mineral,220.97,0.754939164,392.69908169872417,0.001963495408493621,200000.0,150987.8328,0.0476,32.52487143630358,1.1,1660.8661608000002,0.08,120.79026624000001,13.75,Reference,"BD from one core per plot x depth, applied to all subplots"
99,WS4,WS4a,17,B,17B,0-20,0.0,20.0,0 to 20,Mineral,250.02,0.653307029,392.69908169872417,0.001963495408493621,200000.0,130661.40580000001,0.2008,104.93884603087754,6.56,8571.38822048,0.42,548.77790436,15.619047619047619,Reference,"BD from one core per plot x depth, applied to all subplots"
100,WS4,WS4a,17,B,17B,20-40,20.0,40.0,20 to 40,Mineral,221.0,0.754939164,392.69908169872417,0.001963495408493621,200000.0,150987.8328,0.0008,0.5465622906787331,3.68,5556.35224704,0.23,347.27201544,16.0,Reference,"BD from one core per plot x depth, applied to all subplots"
101,WS4,WS4a,17,C,17C,0-20,0.0,20.0,0 to 20,Mineral,250.02,0.653307029,392.69908169872417,0.001963495408493621,200000.0,130661.40580000001,0.3935,205.64460116110712,2.89,3776.1146276200006,0.24,313.58737392,12.041666666666668,Reference,"BD from one core per plot x depth, applied to all subplots"
102,WS4,WS4a,17,C,17C,20-40,20.0,40.0,20 to 40,Mineral,220.97,0.754939164,392.69908169872417,0.001963495408493621,200000.0,150987.8328,0.0268,18.312322573381003,0.89,1343.7917119200001,0.08,120.79026624000001,11.125,Reference,"BD from one core per plot x depth, applied to all subplots"
103,WS4,WS4a,18,A,18A,0-20,0.0,20.0,0 to 20,Mineral,260.3,0.759558499,392.69908169872417,0.001963495408493621,200000.0,151911.6998,0.7419,432.97460653714944,3.37,5119.42428326,0.21,319.01456958,16.047619047619047,Reference,"BD from one core per plot x depth, applied to all subplots"
104,WS4,WS4a,18,A,18A,20-40,20.0,40.0,20 to 40,Mineral,463.57,1.227352733,392.69908169872417,0.001963495408493621,200000.0,245470.5466,0.1922,101.77414210695257,1.25,3068.3818325,0.1,245.4705466,12.5,Reference,"BD from one core per plot x depth, applied to all subplots"
105,WS4,WS4a,18,B,18B,0-20,0.0,20.0,0 to 20,Mineral,260.3,0.759558499,392.69908169872417,0.001963495408493621,200000.0,151911.6998,0.4735,276.3357274502497,3.54,5377.67417292,0.2,303.8233996,17.7,Reference,"BD from one core per plot x depth, applied to all subplots"
106,WS4,WS4a,18,B,18B,20-40,20.0,40.0,20 to 40,Mineral,463.57,1.227352733,392.69908169872417,0.001963495408493621,200000.0,245470.5466,0.2355,124.70244779493926,0.94,2307.4231380399997,0.07,171.82938262000002,13.428571428571427,Reference,"BD from one core per plot x depth, applied to all subplots"
107,WS4,WS4a,18,C,18C,0-20,0.0,20.0,0 to 20,Mineral,260.3,0.759558499,392.69908169872417,0.001963495408493621,200000.0,151911.6998,0.3586,209.27981386200534,4.19,6365.100221620001,0.22,334.20573956000004,19.045454545454547,Reference,"BD from one core per plot x depth, applied to all subplots"
108,WS4,WS4a,18,C,18C,20-40,20.0,40.0,20 to 40,Mineral,463.57,1.227352733,392.69908169872417,0.001963495408493621,200000.0,245470.5466,0.2229,118.03046969635653,1.03,2528.34662998,0.08,196.37643728,12.875,Reference,"BD from one core per plot x depth, applied to all subplots"
109,WS5,WS5b,19,A,19A,0-20,0.0,20.0,0 to 20,Mineral,258.43,0.732720932,392.69908169872417,0.001963495408493621,200000.0,146544.1864,0.4904,278.0840808364354,2.55,3736.8767531999997,0.16,234.47069824000002,15.937499999999998,Single-tree selection,"BD from one core per plot x depth, applied to all subplots"
110,WS5,WS5b,19,A,19A,20-40,20.0,40.0,20 to 40,Mineral,469.31,1.293937657,392.69908169872417,0.001963495408493621,200000.0,258787.5314,0.1911,105.3766108766913,0.15,388.1812971,0.03,77.63625942,5.0,Single-tree selection,"BD from one core per plot x depth, applied to all subplots"
111,WS5,WS5b,19,B,19B,0-20,0.0,20.0,0 to 20,Mineral,258.43,0.732720932,392.69908169872417,0.001963495408493621,200000.0,146544.1864,0.0611,34.64709897860156,2.35,3443.7883804000003,0.14,205.16186096000004,16.785714285714285,Single-tree selection,"BD from one core per plot x depth, applied to all subplots"
112,WS5,WS5b,19,B,19B,20-40,20.0,40.0,20 to 40,Mineral,469.31,1.293937657,392.69908169872417,0.001963495408493621,200000.0,258787.5314,0.6535,360.35382107753935,0.53,1371.57391642,0.06,155.27251884,8.833333333333334,Single-tree selection,"BD from one core per plot x depth, applied to all subplots"
113,WS5,WS5b,19,C,19C,0-20,0.0,20.0,0 to 20,Mineral,258.43,0.732720932,392.69908169872417,0.001963495408493621,200000.0,146544.1864,0.1221,69.23749239422668,2.12,3106.73675168,0.13,190.50744232,16.307692307692307,Single-tree selection,"BD from one core per plot x depth, applied to all subplots"
114,WS5,WS5b,19,C,19C,20-40,20.0,40.0,20 to 40,Mineral,469.31,1.293937657,392.69908169872417,0.001963495408493621,200000.0,258787.5314,0.0026,1.4336953860774329,0.68,1759.75521352,0.07,181.15127198000002,9.714285714285714,Single-tree selection,"BD from one core per plot x depth, applied to all subplots"
115,WS5,WS5b,20,A,20A,0-20,0.0,20.0,0 to 20,Mineral,222.01,0.629460102,392.69908169872417,0.001963495408493621,200000.0,125892.02040000001,0.1784,101.16272437890186,2.9,3650.8685916,0.19,239.19483876,15.26315789473684,Single-tree selection,"BD from one core per plot x depth, applied to all subplots"
116,WS5,WS5b,20,A,20A,20-40,20.0,40.0,20 to 40,Mineral,314.59,1.074789843,392.69908169872417,0.001963495408493621,200000.0,214957.9686,0.1308,89.37506688985664,0.76,1633.68056136,0.08,171.96637488,9.5,Single-tree selection,"BD from one core per plot x depth, applied to all subplots"
117,WS5,WS5b,20,B,20B,0-20,0.0,20.0,0 to 20,Mineral,222.01,0.629460102,392.69908169872417,0.001963495408493621,200000.0,125892.02040000001,0.4319,244.91132656528987,3.1,3902.6526324,0.24,302.14084895999997,12.916666666666668,Single-tree selection,"BD from one core per plot x depth, applied to all subplots"
118,WS5,WS5b,20,B,20B,20-40,20.0,40.0,20 to 40,Mineral,314.59,1.074789843,392.69908169872417,0.001963495408493621,200000.0,214957.9686,0.2035,139.05065834928,0.81,1741.1595456600003,0.09,193.46217174,9.000000000000002,Single-tree selection,"BD from one core per plot x depth, applied to all subplots"
119,WS5,WS5b,20,C,20C,0-20,0.0,20.0,0 to 20,Mineral,222.01,0.629460102,392.69908169872417,0.001963495408493621,200000.0,125892.02040000001,0.2336,132.46419515084906,3.12,3927.8310364800004,0.22,276.96244488,14.181818181818182,Single-tree selection,"BD from one core per plot x depth, applied to all subplots"
120,WS5,WS5b,20,C,20C,20-40,20.0,40.0,20 to 40,Mineral,314.59,1.074789843,392.69908169872417,0.001963495408493621,200000.0,214957.9686,0.0041,2.80151203553832,0.59,1268.2520147399998,0.08,171.96637488,7.374999999999999,Single-tree selection,"BD from one core per plot x depth, applied to all subplots"
121,WS5,WS5b,21,A,21A,0-20,0.0,20.0,0 to 20,Mineral,347.93,0.93354134,392.69908169872417,0.001963495408493621,200000.0,186708.268,0.3792,203.48856156583219,1.7,3174.0405560000004,0.13,242.7207484,13.076923076923077,Single-tree selection,"BD from one core per plot x depth, applied to all subplots"
122,WS5,WS5b,21,A,21A,20-40,20.0,40.0,20 to 40,Mineral,347.83,1.077877254,392.69908169872417,0.001963495408493621,200000.0,215575.4508,0.1001,62.03922210585631,0.6,1293.4527048,0.07,150.90281556000002,8.571428571428571,Single-tree selection,"BD from one core per plot x depth, applied to all subplots"
123,WS5,WS5b,21,B,21B,0-20,0.0,20.0,0 to 20,Mineral,347.93,0.93354134,392.69908169872417,0.001963495408493621,200000.0,186708.268,0.8065,432.7888314948409,2.39,4462.3276052,0.17,317.40405560000005,14.058823529411764,Single-tree selection,"BD from one core per plot x depth, applied to all subplots"
124,WS5,WS5b,21,B,21B,20-40,20.0,40.0,20 to 40,Mineral,347.83,1.077877254,392.69908169872417,0.001963495408493621,200000.0,215575.4508,0.1324,82.05787219595778,0.8,1724.6036064,0.08,172.46036064,10.0,Single-tree selection,"BD from one core per plot x depth, applied to all subplots"
125,WS5,WS5b,21,C,21C,0-20,0.0,20.0,0 to 20,Mineral,347.93,0.93354134,392.69908169872417,0.001963495408493621,200000.0,186708.268,0.4261,228.65631878481304,1.98,3696.8237064,0.16,298.7332288,12.375,Single-tree selection,"BD from one core per plot x depth, applied to all subplots"
126,WS5,WS5b,21,C,21C,20-40,20.0,40.0,20 to 40,Mineral,347.83,1.077877254,392.69908169872417,0.001963495408493621,200000.0,215575.4508,0.1392,86.27232484650547,1.07,2306.6573235600003,0.1,215.5754508,10.7,Single-tree selection,"BD from one core per plot x depth, applied to all subplots"
127,WS5,WS5b,22,A,22A,0-20,0.0,20.0,0 to 20,Mineral,269.01,0.762718175,392.69908169872417,0.001963495408493621,200000.0,152543.635,1.1501,652.1706799505595,3.6,5491.570860000001,0.21,320.3416335,17.142857142857142,Single-tree selection,"BD from one core per plot x depth, applied to all subplots"
128,WS5,WS5b,22,A,22A,20-40,20.0,40.0,20 to 40,Mineral,305.25,0.890723134,392.69908169872417,0.001963495408493621,200000.0,178144.6268,0.934,545.084623853235,1.67,2975.0152675599998,0.1,178.1446268,16.7,Single-tree selection,"BD from one core per plot x depth, applied to all subplots"
129,WS5,WS5b,22,B,22B,0-20,0.0,20.0,0 to 20,Mineral,269.01,0.762718175,392.69908169872417,0.001963495408493621,200000.0,152543.635,,,2.64,4027.151964,0.14,213.56108900000004,18.857142857142858,Single-tree selection,"BD from one core per plot x depth, applied to all subplots"
130,WS5,WS5b,22,B,22B,20-40,20.0,40.0,20 to 40,Mineral,305.25,0.890723134,392.69908169872417,0.001963495408493621,200000.0,178144.6268,0.2346,136.91311858240786,1.12,1995.2198201600004,0.08,142.51570144000002,14.000000000000002,Single-tree selection,"BD from one core per plot x depth, applied to all subplots"
131,WS5,WS5b,22,C,22C,0-20,0.0,20.0,0 to 20,Mineral,269.01,0.762718175,392.69908169872417,0.001963495408493621,200000.0,152543.635,0.3973,225.29120176015763,4.03,6147.5084905,0.19,289.83290650000004,21.210526315789476,Single-tree selection,"BD from one core per plot x depth, applied to all subplots"
132,WS5,WS5b,22,C,22C,20-40,20.0,40.0,20 to 40,Mineral,305.25,0.890723134,392.69908169872417,0.001963495408493621,200000.0,178144.6268,0.18,105.04842857985257,1.17,2084.29213356,0.08,142.51570144000002,14.624999999999998,Single-tree selection,"BD from one core per plot x depth, applied to all subplots"
133,WS5,WS5b,23,A,23A,0-20,0.0,20.0,0 to 20,Mineral,359.06,0.976505022,392.69908169872417,0.001963495408493621,200000.0,195301.0044,0.5064,275.4426241523979,1.5,2929.515066,0.12,234.36120527999998,12.5,Single-tree selection,"BD from one core per plot x depth, applied to all subplots"
134,WS5,WS5b,23,A,23A,20-40,20.0,40.0,20 to 40,Mineral,395.68,1.15459895,392.69908169872417,0.001963495408493621,200000.0,230919.79,0.1663,97.05307591235342,0.68,1570.2545720000003,0.08,184.73583200000002,8.5,Single-tree selection,"BD from one core per plot x depth, applied to all subplots"
135,WS5,WS5b,23,B,23B,0-20,0.0,20.0,0 to 20,Mineral,359.06,0.976505022,392.69908169872417,0.001963495408493621,200000.0,195301.0044,0.9207,500.78993692162874,2.93,5722.319428920001,0.2,390.6020088,14.65,Single-tree selection,"BD from one core per plot x depth, applied to all subplots"
136,WS5,WS5b,23,B,23B,20-40,20.0,40.0,20 to 40,Mineral,395.68,1.15459895,392.69908169872417,0.001963495408493621,200000.0,230919.79,0.2031,118.52964352254348,1.52,3509.9808080000003,0.12,277.103748,12.666666666666668,Single-tree selection,"BD from one core per plot x depth, applied to all subplots"
137,WS5,WS5b,23,C,23C,0-20,0.0,20.0,0 to 20,Mineral,359.06,0.976505022,392.69908169872417,0.001963495408493621,200000.0,195301.0044,0.8209,446.506418180694,2.36,4609.10370384,0.16,312.48160704000003,14.749999999999998,Single-tree selection,"BD from one core per plot x depth, applied to all subplots"
138,WS5,WS5b,23,C,23C,20-40,20.0,40.0,20 to 40,Mineral,395.68,1.15459895,392.69908169872417,0.001963495408493621,200000.0,230919.79,0.1654,96.52783376971288,0.74,1708.806446,0.08,184.73583200000002,9.25,Single-tree selection,"BD from one core per plot x depth, applied to all subplots"
139,WS5,WS5a,24,A,24A,0-20,0.0,20.0,0 to 20,Mineral,202.93,0.559499625,392.69908169872417,0.001963495408493621,200000.0,111899.92499999999,0.9271,511.22268993002507,4.82,5393.576384999999,0.19,212.60985749999998,25.36842105263158,Single-tree selection,"BD from one core per plot x depth, applied to all subplots"
140,WS5,WS5a,24,A,24A,20-40,20.0,40.0,20 to 40,Mineral,384.72,1.09078821,392.69908169872417,0.001963495408493621,200000.0,218157.642,1.0159,576.0718145867123,1.31,2857.8651102,0.08,174.5261136,16.375,Single-tree selection,"BD from one core per plot x depth, applied to all subplots"
141,WS5,WS5a,24,B,24B,0-20,0.0,20.0,0 to 20,Mineral,202.93,0.559499625,392.69908169872417,0.001963495408493621,200000.0,111899.92499999999,0.7765,428.1786417114275,3.33,3726.2675025,0.16,179.03987999999998,20.8125,Single-tree selection,"BD from one core per plot x depth, applied to all subplots"
142,WS5,WS5a,24,B,24B,20-40,20.0,40.0,20 to 40,Mineral,384.72,1.09078821,392.69908169872417,0.001963495408493621,200000.0,218157.642,0.0905,51.318534521210225,0.68,1483.4719656,0.07,152.7103494,9.714285714285714,Single-tree selection,"BD from one core per plot x depth, applied to all subplots"
143,WS5,WS5a,24,C,24C,0-20,0.0,20.0,0 to 20,Mineral,202.93,0.559499625,392.69908169872417,0.001963495408493621,200000.0,111899.92499999999,1.3901,766.5307531784357,3.9,4364.097075,0.2,223.79985,19.5,Single-tree selection,"BD from one core per plot x depth, applied to all subplots"
144,WS5,WS5a,24,C,24C,20-40,20.0,40.0,20 to 40,Mineral,384.72,1.09078821,392.69908169872417,0.001963495408493621,200000.0,218157.642,0.8966,508.42207791952575,0.99,2159.7606557999998,0.08,174.5261136,12.375,Single-tree selection,"BD from one core per plot x depth, applied to all subplots"
199,WS2,WS2a,7,A,7A,OH,,,OH,Organic,4.45,,,0.04000000000000001,,111.25,1.1547,28.867499999999996,42.82,47.63725,1.43,1.590875,29.944055944055947,Diameter-limit,"organic horizon, 20x20 cm frame; no BD"
200,WS2,WS2a,7,B,7B,OH,,,OH,Organic,2.24,,,0.04000000000000001,,56.00000000000001,0.006,0.14999999999999997,29.24,16.3744,0.98,0.5488000000000001,29.83673469387755,Diameter-limit,"organic horizon, 20x20 cm frame; no BD"
201,WS2,WS2a,7,C,7C,OH,,,OH,Organic,2.46,,,0.04000000000000001,,61.5,0.2367,5.917499999999999,35.37,21.752549999999996,1.33,0.8179500000000001,26.59398496240601,Diameter-limit,"organic horizon, 20x20 cm frame; no BD"
202,WS2,WS2a,8,A,8A,OH,,,OH,Organic,8.58,,,0.04000000000000001,,214.5,0.4213,10.532499999999999,31.03,66.55935000000001,1.15,2.4667499999999998,26.98260869565218,Diameter-limit,"organic horizon, 20x20 cm frame; no BD"
203,WS2,WS2a,8,B,8B,OH,,,OH,Organic,3.76,,,0.04000000000000001,,93.99999999999999,0.4389,10.972499999999998,34.04,31.997599999999995,1.35,1.269,25.21481481481481,Diameter-limit,"organic horizon, 20x20 cm frame; no BD"
204,WS2,WS2a,8,C,8C,OH,,,OH,Organic,3.46,,,0.04000000000000001,,86.5,0.8539,21.347499999999997,30.62,26.486300000000004,1.18,1.0207,25.949152542372882,Diameter-limit,"organic horizon, 20x20 cm frame; no BD"
205,WS2,WS2b,9,A,9A,OH,,,OH,Organic,5.66,,,0.04000000000000001,,141.5,0.6476,16.189999999999994,34.54,48.8741,1.27,1.79705,27.196850393700785,Diameter-limit,"organic horizon, 20x20 cm frame; no BD"
206,WS2,WS2b,9,B,9B,OH,,,OH,Organic,5.27,,,0.04000000000000001,,131.75,0.0112,0.2799999999999999,43.26,56.99505,1.22,1.6073499999999998,35.459016393442624,Diameter-limit,"organic horizon, 20x20 cm frame; no BD"
207,WS2,WS2b,9,C,9C,OH,,,OH,Organic,2.47,,,0.04000000000000001,,61.75000000000001,0.2015,5.0375,42.54,26.26845,1.37,0.8459750000000001,31.051094890510946,Diameter-limit,"organic horizon, 20x20 cm frame; no BD"
208,WS2,WS2a,10,A,10A,OH,,,OH,Organic,4.89,,,0.04000000000000001,,122.24999999999999,0.1901,4.752499999999999,17.95,21.943874999999995,0.82,1.0024499999999998,21.890243902439025,Diameter-limit,"organic horizon, 20x20 cm frame; no BD"
209,WS2,WS2a,10,B,10B,OH,,,OH,Organic,8.43,,,0.04000000000000001,,210.75,0.2329,5.822499999999999,20.17,42.508275000000005,0.82,1.7281499999999999,24.59756097560976,Diameter-limit,"organic horizon, 20x20 cm frame; no BD"
210,WS2,WS2a,10,C,10C,OH,,,OH,Organic,2.9,,,0.04000000000000001,,72.5,0.6092,15.229999999999997,18.33,13.28925,0.85,0.6162500000000001,21.56470588235294,Diameter-limit,"organic horizon, 20x20 cm frame; no BD"
211,WS2,WS2a,11,A,11A,OH,,,OH,Organic,1.58,,,0.04000000000000001,,39.5,0.0403,1.0074999999999998,14.21,5.6129500000000005,0.67,0.26465,21.208955223880597,Diameter-limit,"organic horizon, 20x20 cm frame; no BD"
212,WS2,WS2a,11,B,11B,OH,,,OH,Organic,4.62,,,0.04000000000000001,,115.5,0.487,12.174999999999997,33.56,38.7618,1.34,1.5477,25.044776119402986,Diameter-limit,"organic horizon, 20x20 cm frame; no BD"
213,WS2,WS2a,11,C,11C,OH,,,OH,Organic,7.56,,,0.04000000000000001,,189.0,0.1401,3.5024999999999995,25.36,47.9304,1.14,2.1546,22.24561403508772,Diameter-limit,"organic horizon, 20x20 cm frame; no BD"
214,WS2,WS2a,12,A,12A,OH,,,OH,Organic,6.55,,,0.04000000000000001,,163.75,0.1706,4.264999999999999,3.64,5.960500000000001,0.26,0.42574999999999996,14.0,Diameter-limit,"organic horizon, 20x20 cm frame; no BD"
215,WS2,WS2a,12,B,12B,OH,,,OH,Organic,7.12,,,0.04000000000000001,,178.0,,,24.21,43.0938,0.99,1.7621999999999998,24.454545454545457,Diameter-limit,"organic horizon, 20x20 cm frame; no BD"
216,WS2,WS2a,12,C,12C,OH,,,OH,Organic,4.55,,,0.04000000000000001,,113.75,0.3564,8.909999999999998,23.1,26.27625,0.91,1.035125,25.384615384615387,Diameter-limit,"organic horizon, 20x20 cm frame; no BD"
217,WS4,WS4a,13,A,13A,OH,,,OH,Organic,6.84,,,0.04000000000000001,,171.0,0.0117,0.2924999999999999,38.18,65.28779999999999,1.56,2.6676,24.474358974358974,Reference,"organic horizon, 20x20 cm frame; no BD"
218,WS4,WS4a,13,B,13B,OH,,,OH,Organic,8.41,,,0.04000000000000001,,210.25,0.0113,0.2824999999999999,42.74,89.86085,1.64,3.4480999999999997,26.0609756097561,Reference,"organic horizon, 20x20 cm frame; no BD"
219,WS4,WS4a,13,C,13C,OH,,,OH,Organic,7.25,,,0.04000000000000001,,181.25,0.1292,3.2299999999999995,43.8,79.38749999999999,1.41,2.555625,31.06382978723404,Reference,"organic horizon, 20x20 cm frame; no BD"
220,WS4,WS4a,14,A,14A,OH,,,OH,Organic,5.77,,,0.04000000000000001,,144.25,0.1719,4.297499999999999,44.02,63.498850000000004,1.25,1.803125,35.216,Reference,"organic horizon, 20x20 cm frame; no BD"
221,WS4,WS4a,14,B,14B,OH,,,OH,Organic,4.72,,,0.04000000000000001,,117.99999999999999,0.1423,3.5574999999999997,32.85,38.763,0.95,1.1209999999999998,34.578947368421055,Reference,"organic horizon, 20x20 cm frame; no BD"
222,WS4,WS4a,14,C,14C,OH,,,OH,Organic,3.59,,,0.04000000000000001,,89.75,0.0069,0.17249999999999996,47.73,42.837675,1.24,1.1129,38.49193548387097,Reference,"organic horizon, 20x20 cm frame; no BD"
223,WS4,WS4a,15,A,15A,OH,,,OH,Organic,4.19,,,0.04000000000000001,,104.75000000000001,0.0009,0.022499999999999996,24.43,25.590425000000003,0.94,0.98465,25.98936170212766,Reference,"organic horizon, 20x20 cm frame; no BD"
224,WS4,WS4a,15,B,15B,OH,,,OH,Organic,24.45,,,0.04000000000000001,,611.25,0.0343,0.8574999999999997,20.0,122.25,0.9,5.501250000000001,22.22222222222222,Reference,"organic horizon, 20x20 cm frame; no BD"
225,WS4,WS4a,15,C,15C,OH,,,OH,Organic,6.32,,,0.04000000000000001,,158.0,0.023,0.5749999999999998,14.33,22.6414,0.59,0.9322,24.28813559322034,Reference,"organic horizon, 20x20 cm frame; no BD"
226,WS4,WS4a,16,A,16A,OH,,,OH,Organic,14.04,,,0.04000000000000001,,350.99999999999994,0.6577,16.442499999999995,47.71,167.4621,1.27,4.457699999999999,37.56692913385827,Reference,"organic horizon, 20x20 cm frame; no BD"
227,WS4,WS4a,16,B,16B,OH,,,OH,Organic,12.74,,,0.04000000000000001,,318.5,0.0882,2.2049999999999996,9.61,30.607849999999996,0.29,0.92365,33.13793103448276,Reference,"organic horizon, 20x20 cm frame; no BD"
228,WS4,WS4a,16,C,16C,OH,,,OH,Organic,27.48,,,0.04000000000000001,,687.0,1.224,30.599999999999994,47.19,324.1953,1.34,9.2058,35.21641791044776,Reference,"organic horizon, 20x20 cm frame; no BD"
229,WS4,WS4a,17,A,17A,OH,,,OH,Organic,6.17,,,0.04000000000000001,,154.25,0.0313,0.7824999999999999,27.31,42.125675,1.15,1.7738749999999999,23.747826086956522,Reference,"organic horizon, 20x20 cm frame; no BD"
230,WS4,WS4a,17,B,17B,OH,,,OH,Organic,15.75,,,0.04000000000000001,,393.75,0.6783,16.957499999999996,14.39,56.660625,0.79,3.110625,18.21518987341772,Reference,"organic horizon, 20x20 cm frame; no BD"
231,WS4,WS4a,17,C,17C,OH,,,OH,Organic,10.75,,,0.04000000000000001,,268.75,0.0162,0.4049999999999999,16.49,44.316874999999996,0.83,2.230625,19.867469879518072,Reference,"organic horizon, 20x20 cm frame; no BD"
232,WS4,WS4a,18,A,18A,OH,,,OH,Organic,9.52,,,0.04000000000000001,,237.99999999999997,0.0314,0.7849999999999998,35.33,84.08539999999999,1.26,2.9987999999999997,28.039682539682538,Reference,"organic horizon, 20x20 cm frame; no BD"
233,WS4,WS4a,18,B,18B,OH,,,OH,Organic,13.14,,,0.04000000000000001,,328.5,0.0868,2.1699999999999995,33.09,108.70065000000001,1.14,3.7448999999999995,29.02631578947369,Reference,"organic horizon, 20x20 cm frame; no BD"
234,WS4,WS4a,18,C,18C,OH,,,OH,Organic,5.05,,,0.04000000000000001,,126.25,0.0063,0.15749999999999997,47.43,59.880375,1.37,1.729625,34.62043795620438,Reference,"organic horizon, 20x20 cm frame; no BD"
235,WS5,WS5b,19,A,19A,OH,,,OH,Organic,4.6,,,0.04000000000000001,,114.99999999999999,0.0973,2.4324999999999997,10.67,12.270499999999998,0.36,0.4139999999999999,29.63888888888889,Single-tree selection,"organic horizon, 20x20 cm frame; no BD"
236,WS5,WS5b,19,B,19B,OH,,,OH,Organic,0.39,,,0.04000000000000001,,9.75,0.2182,5.454999999999999,13.04,1.2713999999999999,0.56,0.05460000000000001,23.28571428571428,Single-tree selection,"organic horizon, 20x20 cm frame; no BD"
237,WS5,WS5b,19,C,19C,OH,,,OH,Organic,0.52,,,0.04000000000000001,,13.0,0.0065,0.16249999999999995,36.41,4.7333,0.83,0.1079,43.86746987951807,Single-tree selection,"organic horizon, 20x20 cm frame; no BD"
238,WS5,WS5b,20,A,20A,OH,,,OH,Organic,15.39,,,0.04000000000000001,,384.75,0.0972,2.4299999999999993,18.97,72.98707499999999,0.88,3.3858,21.55681818181818,Single-tree selection,"organic horizon, 20x20 cm frame; no BD"
239,WS5,WS5b,20,B,20B,OH,,,OH,Organic,4.79,,,0.04000000000000001,,119.75,0.0324,0.8099999999999998,8.93,10.693674999999999,0.54,0.6466500000000001,16.537037037037035,Single-tree selection,"organic horizon, 20x20 cm frame; no BD"
240,WS5,WS5b,20,C,20C,OH,,,OH,Organic,6.41,,,0.04000000000000001,,160.25,0.0362,0.9049999999999999,19.78,31.69745,0.84,1.3460999999999999,23.54761904761905,Single-tree selection,"organic horizon, 20x20 cm frame; no BD"
241,WS5,WS5b,21,A,21A,OH,,,OH,Organic,11.52,,,0.04000000000000001,,288.0,0.4402,11.004999999999997,24.04,69.2352,0.98,2.8224,24.53061224489796,Single-tree selection,"organic horizon, 20x20 cm frame; no BD"
242,WS5,WS5b,21,B,21B,OH,,,OH,Organic,18.2,,,0.04000000000000001,,455.0,0.4845,12.112499999999997,37.14,168.987,1.24,5.6419999999999995,29.951612903225808,Single-tree selection,"organic horizon, 20x20 cm frame; no BD"
243,WS5,WS5b,21,C,21C,OH,,,OH,Organic,12.01,,,0.04000000000000001,,300.25,0.0918,2.295,43.0,129.1075,1.32,3.9633,32.57575757575757,Single-tree selection,"organic horizon, 20x20 cm frame; no BD"
244,WS5,WS5b,22,A,22A,OH,,,OH,Organic,7.29,,,0.04000000000000001,,182.25,0.256,6.399999999999999,39.36,71.7336,1.37,2.496825,28.729927007299267,Single-tree selection,"organic horizon, 20x20 cm frame; no BD"
245,WS5,WS5b,22,B,22B,OH,,,OH,Organic,6.29,,,0.04000000000000001,,157.25,0.0096,0.23999999999999994,26.53,41.718425,0.83,1.305175,31.96385542168675,Single-tree selection,"organic horizon, 20x20 cm frame; no BD"
246,WS5,WS5b,22,C,22C,OH,,,OH,Organic,3.36,,,0.04000000000000001,,84.0,0.0085,0.21249999999999997,40.86,34.3224,1.26,1.0584,32.42857142857143,Single-tree selection,"organic horizon, 20x20 cm frame; no BD"
247,WS5,WS5b,23,A,23A,OH,,,OH,Organic,4.31,,,0.04000000000000001,,107.74999999999999,0.5475,13.687499999999996,17.11,18.436024999999997,0.72,0.7757999999999998,23.76388888888889,Single-tree selection,"organic horizon, 20x20 cm frame; no BD"
248,WS5,WS5b,23,B,23B,OH,,,OH,Organic,18.59,,,0.04000000000000001,,464.75,,,11.72,54.468700000000005,0.61,2.8349749999999996,19.213114754098363,Single-tree selection,"organic horizon, 20x20 cm frame; no BD"
249,WS5,WS5b,23,C,23C,OH,,,OH,Organic,1.16,,,0.04000000000000001,,28.999999999999996,0.0007,0.017499999999999995,40.95,11.875499999999999,1.27,0.36829999999999996,32.24409448818898,Single-tree selection,"organic horizon, 20x20 cm frame; no BD"
250,WS5,WS5a,24,A,24A,OH,,,OH,Organic,6.48,,,0.04000000000000001,,162.0,0.3139,7.847499999999998,48.45,78.489,1.4,2.268,34.60714285714286,Single-tree selection,"organic horizon, 20x20 cm frame; no BD"
251,WS5,WS5a,24,B,24B,OH,,,OH,Organic,4.6,,,0.04000000000000001,,114.99999999999999,0.0652,1.6299999999999994,47.25,54.33749999999999,1.33,1.5294999999999999,35.526315789473685,Single-tree selection,"organic horizon, 20x20 cm frame; no BD"
252,WS5,WS5a,24,C,24C,OH,,,OH,Organic,1.98,,,0.04000000000000001,,49.5,0.0467,1.1674999999999998,43.78,21.671100000000003,1.44,0.7128,30.40277777777778,Single-tree selection,"organic horizon, 20x20 cm frame; no BD"
